Tweet,Matched Keywords,Date,User,Source,Tweet ID,Tweet URL
@SkydreamNF Les gas avant de parler mal de lui c’est grâce à lui que je vie du seo aujourd’hui,SEO,2020-04-09 00:56:26,badea_jean,Twitter for iPhone,1248052112711397385,https://twitter.com/statuses/1248052112711397385
"The SEO recommendations for Apple is that apple should provide a list of devices and accessories on their homepage and should make it easier to use for their customers 
@Prel2103W20",SEO,2020-04-09 00:56:37,inderpr56989187,Twitter Web App,1248052159679094784,https://twitter.com/statuses/1248052159679094784
wpx nea rfu qzh wty oet ikq ehw btn vis ggl spk ajc art otc tng ugx ryd orj blf xtw wfr mfk oda fbr smr mha dtn wnj rpy suz cff jwp wsx mdq ors tqs ymp cpq thv iuo sxi ala bva glv ixx seo mtm tbc pvq vil tsh njr cyk smb bmn sui ern lxh COVID,SEO,2020-04-09 00:56:39,duwoncong,Twitter Web App,1248052170936725504,https://twitter.com/statuses/1248052170936725504
"@idolfess bae, kim, jung, lee, hwang, moon, park, ong, boo, jeon, yoon, ha, song, son, cho, choi, han, seo, joo, nam, kang, im, na, heo, do, yoo, bang, ji, jang, ahn, byun, oh, cha",SEO,2020-04-09 00:56:59,AESTROCHAE,Twitter for Android,1248052253644083200,https://twitter.com/statuses/1248052253644083200
Choose the Best SEO Agency https://t.co/PJaNvdkjqf via @Jacoblucky3 https://t.co/WnWOq7eHVX,SEO,2020-04-09 00:57:02,mimisgang1,Triberr,1248052265975517186,https://twitter.com/statuses/1248052265975517186
SUHprise~,,2020-04-09 00:57:24,huntNcity,Twitter for iPhone,1248052356224188416,https://twitter.com/statuses/1248052356224188416
"@idolfess ooh, park, kim, lee, seo, do, byun, jung, moon, choi, hwang, huang, zhong, chou, im apalagi yaa",SEO,2020-04-09 00:57:39,dearfairy266,Twitter for Android,1248052420891922432,https://twitter.com/statuses/1248052420891922432
I just want someone to look at me the way Yi-seo looks at Sae-ro-yi. #itaewonclass https://t.co/Bjk9dcgCVf,SEO,2020-04-09 00:57:41,tehfenix,Twitter for iPhone,1248052429414961153,https://twitter.com/statuses/1248052429414961153
"@idolfess Yoongi
JB
Yeji
Woozi
Park seo joon",SEO,2020-04-09 00:57:48,pdyoon65,Twitter for Android,1248052457600516097,https://twitter.com/statuses/1248052457600516097
"@idolfess Im
Kim
Park
Choi
Ha
Han
Lee
Yang
Jang
Jung
Na
Jeon
Yoon
Boo
Son
Mun
Hwang
Seo
Bang
Shin
Song
Kang
Ong",SEO,2020-04-09 00:57:48,kobokanmasjid_,Twitter Web App,1248052458674216960,https://twitter.com/statuses/1248052458674216960
"park seo joon me deixa FRACA. por favor, me arregaça homem",SEO,2020-04-09 00:58:00,houismet,Twitter for iPhone,1248052509027041281,https://twitter.com/statuses/1248052509027041281
SEO trends for 2020: An Effective Guide To Climb The Google Rankings https://t.co/mT22yZxt0m #seo,"#SEO, SEO",2020-04-09 00:58:05,davidknoerr1,Paper.li,1248052529348464642,https://twitter.com/statuses/1248052529348464642
My boyfriend Park Seo Joon.. wow,SEO,2020-04-09 00:58:06,rad_andreaa,Twitter for iPhone,1248052532791951362,https://twitter.com/statuses/1248052532791951362
@kwonIuv seo changbin,SEO,2020-04-09 00:58:06,DI0RYANG,Twitter Web App,1248052535350267905,https://twitter.com/statuses/1248052535350267905
The latest SEO FOR VIDEO NETWORK! https://t.co/nyYhCd2o6x #marketing #contentmarketing,SEO,2020-04-09 00:58:10,serpwaveseo,Paper.li,1248052552622583808,https://twitter.com/statuses/1248052552622583808
seo soojin faça oq quiser com meu corpo,SEO,2020-04-09 00:58:40,orbiteen,Twitter for Android,1248052675897425921,https://twitter.com/statuses/1248052675897425921
Huehuehue gwapahang Seo Dan https://t.co/1tmS8ZbWMl,SEO,2020-04-09 00:58:43,seokjwinssi__,Twitter for Android,1248052689407070208,https://twitter.com/statuses/1248052689407070208
"@_Coffee17 Hasta donde tengo entendido gracias al seo, te podés hasta forrar con webs, no sé, será de informarse y hacerlo para empezar, confío en usteh. xd",SEO,2020-04-09 00:58:56,LiMaky35,Twitter Web App,1248052744050663428,https://twitter.com/statuses/1248052744050663428
A friend started watching Fight For My Way on my rec and I am so excited for her to be watching this Kim Ji Won and Par Seo Joon delight. #kdrama https://t.co/T24XgnDBFC,SEO,2020-04-09 00:58:59,__Marijana_,Twitter Web App,1248052754972413952,https://twitter.com/statuses/1248052754972413952
MISS Q NA AGAD MGA CAST POTAANGINAAAAA ITAEWON CLASS NAMAN NEXT DEBA HAJAJANAHANAN MISS Q NA REN PANOORIN DRAMA NI SEO JOON:(( https://t.co/tzcMU28B27,SEO,2020-04-09 00:59:20,aaatharinaaa,Twitter Web App,1248052844751548417,https://twitter.com/statuses/1248052844751548417
"SEO Isn't working?
TRY.
-Social Media (Twitter,Instagram,Pinterest,Facebook).
-Paid Ads (Facebook,Instagram Ads or Google(or Bing).
-Ask and Answer websites like Quora and Yahoo Answer.",SEO,2020-04-09 00:59:23,income_tutor,Twitter Web App,1248052856495779840,https://twitter.com/statuses/1248052856495779840
"@idolfess Choi, Yoon, Hong, Moon, Kwon, Jeon, Lee, Kim, Seo, Boo, Bae, Ji, Ju, Heo, Son, Yoo, Im, Chae, Hwang, Bang, Han, Yang, Park, Jung, Jang, Cho, Ha, Ong, Kang, Na, Nam, Shin",SEO,2020-04-09 00:59:27,aranelmoon,Twitter for Android,1248052872048029697,https://twitter.com/statuses/1248052872048029697
@nisahalims Mas seo jun,SEO,2020-04-09 00:59:27,anakorang00,Twitter for Android,1248052872106786816,https://twitter.com/statuses/1248052872106786816
"@CH0ISLUT Nah that's my job smh stan shinee, snsd, seo taji and the boys, 2ne1, Super Junior, etc",SEO,2020-04-09 00:59:38,woonsunn,Twitter for Android,1248052920957968388,https://twitter.com/statuses/1248052920957968388
when johnny is old and they post young johnny seo pics https://t.co/NwWic9NF3O,SEO,2020-04-09 00:59:39,jungoies,Twitter for iPhone,1248052925148037121,https://twitter.com/statuses/1248052925148037121
https://t.co/YuaFkL76yX,,2020-04-09 00:59:42,MBaatsha,Twitter for Android,1248052935591743488,https://twitter.com/statuses/1248052935591743488
"ICYMI: Park Seo Joon’s drama “Itaewon Class” ranks 2nd highest rating in the history of JTBC

https://t.co/scUSjl6DP3",SEO,2020-04-09 01:00:00,TheAnnyeongOppa,TweetDeck,1248053011353485312,https://twitter.com/statuses/1248053011353485312
Getting on the 1st Page of Google with Focus Pages [Customer SEO Success Story] https://t.co/nAQJlAbD9Z https://t.co/OcB84FlNy2,SEO,2020-04-09 01:00:01,ContentLook,Social Connect Gateway,1248053018291027969,https://twitter.com/statuses/1248053018291027969
wow ak mirip jo yi seo,SEO,2020-04-09 01:00:03,kjystaI,Twitter for Android,1248053023516983296,https://twitter.com/statuses/1248053023516983296
"In this article, @contentking explain how to create a robots.txt file for the best SEO performance! 

Check it out here: https://t.co/A3RreTWJUd

#seo #cms https://t.co/dBP6UOIo8i","#SEO, SEO",2020-04-09 01:00:03,DiviTutorials,Buffer,1248053024943214602,https://twitter.com/statuses/1248053024943214602
Gang di mo na matigilan hahahahhah,,2020-04-09 01:00:03,himalaligaya,Twitter for Android,1248053025836392450,https://twitter.com/statuses/1248053025836392450
@null Ong Seong Wu And Shin Ye Eun Confirmed To Star In Upcoming JTBC Drama Ong Seo  https://t.co/aW389MhuzY,SEO,2020-04-09 01:00:07,kp__op,twittbot.net,1248053040583606273,https://twitter.com/statuses/1248053040583606273
@null Ong Seong Wu And Shin Ye Eun Confirmed To Star In Upcoming JTBC Drama Ong Seo  https://t.co/khmkSo5Jbz,SEO,2020-04-09 01:00:10,qppph,twittbot.net,1248053053409751042,https://twitter.com/statuses/1248053053409751042
SEO Mythbusters: Top marketers share the most counterintuitive SEO truths via @ahrefs #SEO #search https://t.co/FwguNF7aZJ https://t.co/UwBYziuiBr,"#SEO, SEO",2020-04-09 01:00:11,IAmAaronAgius,AgoraPulse Manager,1248053057658728459,https://twitter.com/statuses/1248053057658728459
"@idolfess Kim, Lee, jeon, Lim, bang, Byun, do, oh, seo, na, ham, ha, Han, ong, Hwang, bae, yoon, Gu, Hong, Jung, park, cha, Cho, Choi, son, yook,",SEO,2020-04-09 01:00:11,d29_lovyou,Twitter Web App,1248053060217139200,https://twitter.com/statuses/1248053060217139200
@idolfess Han jisung seo changbin mark lee lee taeyong,SEO,2020-04-09 01:00:13,sunbublee,Twitter for Android,1248053065455783939,https://twitter.com/statuses/1248053065455783939
@null Ong Seong Wu And Shin Ye Eun Confirmed To Star In Upcoming JTBC Drama Ong Seo  https://t.co/B0FSvJZFgp,SEO,2020-04-09 01:00:14,_SAIL0R_,twittbot.net,1248053072082817024,https://twitter.com/statuses/1248053072082817024
@null Ong Seong Wu And Shin Ye Eun Confirmed To Star In Upcoming JTBC Drama Ong Seo  https://t.co/d5bBDzgVAu,SEO,2020-04-09 01:00:15,kvvon_yuri,twittbot.net,1248053076105121792,https://twitter.com/statuses/1248053076105121792
@null Ong Seong Wu And Shin Ye Eun Confirmed To Star In Upcoming JTBC Drama Ong Seo  https://t.co/zoEAdIwCWh,SEO,2020-04-09 01:00:16,btob_t,twittbot.net,1248053080169410560,https://twitter.com/statuses/1248053080169410560
@null Ong Seong Wu And Shin Ye Eun Confirmed To Star In Upcoming JTBC Drama Ong Seo  https://t.co/cSY5tVlDfu,SEO,2020-04-09 01:00:17,MelodyyyLam,twittbot.net,1248053082077814784,https://twitter.com/statuses/1248053082077814784
@null Ong Seong Wu And Shin Ye Eun Confirmed To Star In Upcoming JTBC Drama Ong Seo  https://t.co/rSgfnLZOq5,SEO,2020-04-09 01:00:17,chocpearx,twittbot.net,1248053082929258496,https://twitter.com/statuses/1248053082929258496
"Another SEO Opportunity: ""cape coral houses sale"" Search volume: 2970 Competition: low Find more opportunities via @rankpay #SEO services","#SEO, SEO",2020-04-09 01:00:17,seoopportunity,SeoOpportunity,1248053083894173696,https://twitter.com/statuses/1248053083894173696
@null Ong Seong Wu And Shin Ye Eun Confirmed To Star In Upcoming JTBC Drama Ong Seo  https://t.co/mPmH4OveCv,SEO,2020-04-09 01:00:18,fj_Kyungsoo,twittbot.net,1248053085768802304,https://twitter.com/statuses/1248053085768802304
@null Ong Seong Wu And Shin Ye Eun Confirmed To Star In Upcoming JTBC Drama Ong Seo  https://t.co/kUsuB37MI0,SEO,2020-04-09 01:00:20,byuntae_tc,twittbot.net,1248053094425845763,https://twitter.com/statuses/1248053094425845763
@null Ong Seong Wu And Shin Ye Eun Confirmed To Star In Upcoming JTBC Drama Ong Seo  https://t.co/bx6BTNORXD,SEO,2020-04-09 01:00:20,sandar_park,twittbot.net,1248053097949061120,https://twitter.com/statuses/1248053097949061120
@null Ong Seong Wu And Shin Ye Eun Confirmed To Star In Upcoming JTBC Drama Ong Seo  https://t.co/nyXSqU5CHx,SEO,2020-04-09 01:00:21,CoC4n,twittbot.net,1248053099509374977,https://twitter.com/statuses/1248053099509374977
"NAO SEO SE MUDOU A ESTAÇÃO
SEI QUE NAO É MAIS VERÃO 
ESTOU DEIXANDO O NOSSO NINHO
DECIDE VOAT SOZINHO",SEO,2020-04-09 01:00:23,leticialsouzaa,Twitter for Android,1248053107541651461,https://twitter.com/statuses/1248053107541651461
blog posting SEO writer https://t.co/e2uUE4n28a,SEO,2020-04-09 01:00:25,ajax_projects,Google,1248053118987898880,https://twitter.com/statuses/1248053118987898880
Wordpress and Elementor Development / Digital Marketer SEM SEO EDM / HubSpot / Pipedrive https://t.co/26HuWOKoN1,SEO,2020-04-09 01:00:26,ajax_projects,Google,1248053119868600325,https://twitter.com/statuses/1248053119868600325
@null Ong Seong Wu And Shin Ye Eun Confirmed To Star In Upcoming JTBC Drama Ong Seo  https://t.co/k7kNpaAsD7,SEO,2020-04-09 01:00:26,fx_amber_fx,twittbot.net,1248053120422129664,https://twitter.com/statuses/1248053120422129664
@null Ong Seong Wu And Shin Ye Eun Confirmed To Star In Upcoming JTBC Drama Ong Seo  https://t.co/A6gyURVngN,SEO,2020-04-09 01:00:27,cbbbo,twittbot.net,1248053124842975232,https://twitter.com/statuses/1248053124842975232
@null Ong Seong Wu And Shin Ye Eun Confirmed To Star In Upcoming JTBC Drama Ong Seo  https://t.co/EdcLMfBsIZ,SEO,2020-04-09 01:00:33,SEHUEK,twittbot.net,1248053152244305920,https://twitter.com/statuses/1248053152244305920
@null Ong Seong Wu And Shin Ye Eun Confirmed To Star In Upcoming JTBC Drama Ong Seo  https://t.co/ZuWJN7uV4E,SEO,2020-04-09 01:00:34,xqqqg,twittbot.net,1248053154400198656,https://twitter.com/statuses/1248053154400198656
VAULT | 4Jan18: Mobile search ranking and desktop search ranking Q&A: https://t.co/T4d98u8wH7 #DSQLive #SEO,"#SEO, SEO",2020-04-09 01:00:38,Jim_Munro,DSQTweeter,1248053172368822273,https://twitter.com/statuses/1248053172368822273
@null Ong Seong Wu And Shin Ye Eun Confirmed To Star In Upcoming JTBC Drama Ong Seo  https://t.co/OC37HXUi4s,SEO,2020-04-09 01:00:42,S0LENESS,twittbot.net,1248053189695307776,https://twitter.com/statuses/1248053189695307776
Every business is unique. We offer marketing to fit your specific needs! https://t.co/X6rP8qzOwi Local SEO https://t.co/XCGzsViD5l,SEO,2020-04-09 01:00:44,Quixote7,Hootsuite Inc.,1248053197744345089,https://twitter.com/statuses/1248053197744345089
SEO DEAL 3 Months SEO completely FREE with our 12 month contract https://t.co/gBkDxgucjX,SEO,2020-04-09 01:00:49,EasyPCSolutions,IFTTT,1248053218845831169,https://twitter.com/statuses/1248053218845831169
@null Ong Seong Wu And Shin Ye Eun Confirmed To Star In Upcoming JTBC Drama Ong Seo  https://t.co/rsDlxTiBmo,SEO,2020-04-09 01:00:51,__byunbaekkie,twittbot.net,1248053227011969025,https://twitter.com/statuses/1248053227011969025
"@idolfess Park seo jun, park jeongwoo, park bogum, park jisoo",SEO,2020-04-09 01:00:57,yellyindaeyo,Twitter for Android,1248053250600751104,https://twitter.com/statuses/1248053250600751104
We Doubled Her Following in 5 Minutes | Tea With GaryVee https://t.co/aWlnVcUUWY via @garyvee #seo,"#SEO, SEO",2020-04-09 01:00:57,vishalkalia,Twibble.io,1248053253373341696,https://twitter.com/statuses/1248053253373341696
@null Ong Seong Wu And Shin Ye Eun Confirmed To Star In Upcoming JTBC Drama Ong Seo  https://t.co/Ltztm2mMpr,SEO,2020-04-09 01:00:59,sunny_ggx,twittbot.net,1248053261463990272,https://twitter.com/statuses/1248053261463990272
@null Ong Seong Wu And Shin Ye Eun Confirmed To Star In Upcoming JTBC Drama Ong Seo  https://t.co/p3RqTI5njy,SEO,2020-04-09 01:01:00,SUJUK0REA,twittbot.net,1248053265507315713,https://twitter.com/statuses/1248053265507315713
Seo Dan & Sung Jun stans :(((,SEO,2020-04-09 01:01:01,louiepls,Twitter for Android,1248053266744631298,https://twitter.com/statuses/1248053266744631298
@null Ong Seong Wu And Shin Ye Eun Confirmed To Star In Upcoming JTBC Drama Ong Seo  https://t.co/bji69b8pKV,SEO,2020-04-09 01:01:05,BrazilSHINee,twittbot.net,1248053286604660736,https://twitter.com/statuses/1248053286604660736
She's so hotttt,,2020-04-09 01:01:10,Soneforevver,Twitter for Android,1248053305529401346,https://twitter.com/statuses/1248053305529401346
@null Ong Seong Wu And Shin Ye Eun Confirmed To Star In Upcoming JTBC Drama Ong Seo  https://t.co/jCsQW1MPvP,SEO,2020-04-09 01:01:12,Suho_bTh,twittbot.net,1248053312735178753,https://twitter.com/statuses/1248053312735178753
@null Ong Seong Wu And Shin Ye Eun Confirmed To Star In Upcoming JTBC Drama Ong Seo  https://t.co/tpd1zlWcv7,SEO,2020-04-09 01:01:15,EXOPANTIES,twittbot.net,1248053326731608064,https://twitter.com/statuses/1248053326731608064
@null Ong Seong Wu And Shin Ye Eun Confirmed To Star In Upcoming JTBC Drama Ong Seo  https://t.co/xUhbz2GHC0,SEO,2020-04-09 01:01:18,pnnnf,twittbot.net,1248053339503226881,https://twitter.com/statuses/1248053339503226881
@null Ong Seong Wu And Shin Ye Eun Confirmed To Star In Upcoming JTBC Drama Ong Seo  https://t.co/dznypMRIYO,SEO,2020-04-09 01:01:18,dhqirl,twittbot.net,1248053339587137536,https://twitter.com/statuses/1248053339587137536
@null Ong Seong Wu And Shin Ye Eun Confirmed To Star In Upcoming JTBC Drama Ong Seo  https://t.co/Z0R6CLrqAl,SEO,2020-04-09 01:01:19,wh0rekrystal,twittbot.net,1248053342133080064,https://twitter.com/statuses/1248053342133080064
@null Ong Seong Wu And Shin Ye Eun Confirmed To Star In Upcoming JTBC Drama Ong Seo  https://t.co/nsebfHnINE,SEO,2020-04-09 01:01:20,Thailand_Fx,twittbot.net,1248053347568869377,https://twitter.com/statuses/1248053347568869377
@null Ong Seong Wu And Shin Ye Eun Confirmed To Star In Upcoming JTBC Drama Ong Seo  https://t.co/BeN58EFreY,SEO,2020-04-09 01:01:20,_fxgirl,twittbot.net,1248053348529401857,https://twitter.com/statuses/1248053348529401857
@null Ong Seong Wu And Shin Ye Eun Confirmed To Star In Upcoming JTBC Drama Ong Seo  https://t.co/Il4Nk3JrLk,SEO,2020-04-09 01:01:21,SXXHY,twittbot.net,1248053351830282240,https://twitter.com/statuses/1248053351830282240
@null Ong Seong Wu And Shin Ye Eun Confirmed To Star In Upcoming JTBC Drama Ong Seo  https://t.co/Iz3uLmYw0M,SEO,2020-04-09 01:01:21,YE0JA__,twittbot.net,1248053353390600192,https://twitter.com/statuses/1248053353390600192
@null Ong Seong Wu And Shin Ye Eun Confirmed To Star In Upcoming JTBC Drama Ong Seo  https://t.co/caOfGbEf4W,SEO,2020-04-09 01:01:21,fakebosom,twittbot.net,1248053353587683328,https://twitter.com/statuses/1248053353587683328
@null Ong Seong Wu And Shin Ye Eun Confirmed To Star In Upcoming JTBC Drama Ong Seo  https://t.co/DiiQMJZbH2,SEO,2020-04-09 01:01:22,sunnysnsd_,twittbot.net,1248053354376224768,https://twitter.com/statuses/1248053354376224768
@null Ong Seong Wu And Shin Ye Eun Confirmed To Star In Upcoming JTBC Drama Ong Seo  https://t.co/WqaCkmfiZk,SEO,2020-04-09 01:01:23,ya0ian,twittbot.net,1248053359736549377,https://twitter.com/statuses/1248053359736549377
@null Ong Seong Wu And Shin Ye Eun Confirmed To Star In Upcoming JTBC Drama Ong Seo  https://t.co/C8H01hkxOr,SEO,2020-04-09 01:01:26,ukezone,twittbot.net,1248053373489655808,https://twitter.com/statuses/1248053373489655808
"Querido diário 
Hoje eu tive certeza que eu encontrei o amor da minha vida, porém o irmão dela (aquela cópia de Lorax) me impede de viver feliz com a minha bela princesa, vamos de era medieval mesmo sabendo que eu vou ser espancado. 
Seo Soojin, espere por mim meu amor! https://t.co/Db7jyxWj7y",SEO,2020-04-09 01:01:28,JK97MI,Twitter for Android,1248053380448206848,https://twitter.com/statuses/1248053380448206848
@idolfess Choi yoon park kim hong moon kwon jeon lee seo boo cho jung ong kang do byun min na hwang yoo shin cha han dst..,SEO,2020-04-09 01:01:35,sjungnnn,Twitter for Android,1248053411381047296,https://twitter.com/statuses/1248053411381047296
"@idolfess Bang, lee, seo, hwang, han, kim, yang, cho, choi, kwon, jung, jeon, kang, bae, nam hmm banyak juga",SEO,2020-04-09 01:01:36,quarky15,Twitter for iPhone,1248053416565198848,https://twitter.com/statuses/1248053416565198848
SEO : 8 actions à déployer aujourd'hui pour anticiper le post-crise : https://t.co/E1c1NPwpSB,SEO,2020-04-09 01:01:37,kulakovarii1988,GHS Tools,1248053418566062080,https://twitter.com/statuses/1248053418566062080
yi seo elle me tape sur le système j’espère que son caractère va changer,SEO,2020-04-09 01:01:59,habyloveshe,Twitter for iPhone,1248053510408716296,https://twitter.com/statuses/1248053510408716296
yi-seo and saeyori :),SEO,2020-04-09 01:02:01,tsvkimya,Twitter for iPhone,1248053517853634562,https://twitter.com/statuses/1248053517853634562
"@megbutton It has forced me to work 10x harder on my own websites back end stuff (SEO, links, images, fixing tech glitches). #WOMENXWORK",SEO,2020-04-09 01:02:06,northstoryco,Twitter for iPhone,1248053539957608448,https://twitter.com/statuses/1248053539957608448
"@idolfess KIM, LEE, JUNG, YOON, HA, HWANG, ONG, PARK, KANG, SOHN, MOON, NA, SEO, HAM, HAN, BANG, YANG, CHO, JEON, CHOI, IM, KWON, KOO, GO, AHN, JANG, KI, BAE, DONG, BOO, JOO, YONG, YOOK, OK, PYO, DO, OH, NAM, JI

udah itu doang",SEO,2020-04-09 01:02:28,0224QUEEN,Twitter for Android,1248053634941648898,https://twitter.com/statuses/1248053634941648898
"and i mean other groups besides seo taeiji, h.o.t, sechskies, snsd, suju, shinee, and other really really popular and well known ones.",SEO,2020-04-09 01:02:29,vivifulss,Twitter for Android,1248053639333150727,https://twitter.com/statuses/1248053639333150727
"@idolfess Korean:
Kim Lee Park Seo Jung Na Im Jeon Bae Baek Min Oh Kang Sohn Byun Hwang

Chinese:
Wong Huang Zhong Zhang Liu Li Qian

Japanese:
Nakamoto Minatozaki Nakamura Miyawaki Hitomi Yabuki",SEO,2020-04-09 01:02:34,irene_candy,Twitter Web App,1248053656848437248,https://twitter.com/statuses/1248053656848437248
Ksian seo dan baru jadian udh ditinggal mati gu seung joon,SEO,2020-04-09 01:02:35,yoosonnn,Twitter for Android,1248053663509041154,https://twitter.com/statuses/1248053663509041154
seo dan bb,SEO,2020-04-09 01:02:44,wtssgyyskitt,Twitter Web App,1248053701442277377,https://twitter.com/statuses/1248053701442277377
There are many incidents where the unnies and I had disagreements…we disagreed on little things. But I learned a lot through those arguments – Seo Juhyun,SEO,2020-04-09 01:02:46,soshibbuing,twittbot.net,1248053709495398401,https://twitter.com/statuses/1248053709495398401
HOLDDD ONNNN yes this makes sense?? he helps them get closer then he just goes back to being a cat for good??,,2020-04-09 01:02:58,jongsuksluvr,Twitter for iPhone,1248053759189622784,https://twitter.com/statuses/1248053759189622784
"in conclusion, KIM DONGHEE KING!!!",,2020-04-09 01:03:06,andieee715,Twitter for Android,1248053791892488193,https://twitter.com/statuses/1248053791892488193
"@idolfess Kim,Byun,park,oh,bang,Lee,SEO,kang,Do,Choi,Hwang,song,na,Jung,banyak anjr",SEO,2020-04-09 01:03:11,diigidaw,Twitter for Android,1248053814839496705,https://twitter.com/statuses/1248053814839496705
@wonnieyes https://t.co/GT99BXt57N,,2020-04-09 01:03:14,Changtinybin,Twitter for Android,1248053827259031552,https://twitter.com/statuses/1248053827259031552
usto ko yung buhok ni Yi Seo please please,SEO,2020-04-09 01:03:22,rectonellyxxx,Twitter for Android,1248053857642397697,https://twitter.com/statuses/1248053857642397697
@idolfess kim lee cho ham ha jeon jung go geum choi park yeo oh seo hwang ah nam bang cha,SEO,2020-04-09 01:03:26,juiceunsang,Twitter for Android,1248053875866652673,https://twitter.com/statuses/1248053875866652673
"i think it’s a pattern w every woman seo joon gets with in shows bc kim mi so n him just weren’t good either,,,,,",SEO,2020-04-09 01:03:37,moonftjin,Twitter for iPhone,1248053921492250624,https://twitter.com/statuses/1248053921492250624
"@idolfess Park, Kim, Lee, Kwon, Jeong, Jeon, Jung, DO, Oh, Ha, Hwang, Kang, Bae, Ong, Choi, Hong, Moon, Seo, Na, Chwe, Song, Zhong, Huang, Wong, Nakamoto",SEO,2020-04-09 01:03:44,zakiiasalsa,Twitter for Android,1248053952895057920,https://twitter.com/statuses/1248053952895057920
"Shin Yeeun habis diperebutin Seo Jihoon sama Myungsoo, besok diperebutin Seongwu & Kim Dongjun....  https://t.co/krrrihhMSq",SEO,2020-04-09 01:03:46,doyoulikemessi4,Twitter for Android,1248053961472401408,https://twitter.com/statuses/1248053961472401408
"Entah hanya gombalan dari Kyuhyun oppa atau tidak, Seo gatau dan ga mau tau karna kyu oppa sangat pintar berbicara didepan wanita",SEO,2020-04-09 01:03:51,9thSNSD,twittbot.net,1248053982016106496,https://twitter.com/statuses/1248053982016106496
"olha preciso, vem aqui Park Seo Joon",SEO,2020-04-09 01:04:08,ressakai,Twitter for Android,1248054051146731521,https://twitter.com/statuses/1248054051146731521
