comentario,likes,hora,post_id,Texto post,Texto post 2,Texto compartido,Hora de posteo,Imagen,Likes del post,Comentarios del Post,Compartido,URL,Link,Hora consulta,Nombre Facebook
Diego Ignacio Meza Pinto Consulta vacunan a ni√±os de otros establecimientos?,0,1 d,2420930914871766,"Este mi√©rcoles 25 de marzo sigue el plan de vacunaci√≥n para ni√±os y ni√±as hasta los 10 a√±os o hasta 5to b√°sico en el Liceo Mario Bertero de 8:30 a 10:30 hrs
Municipalidad Isla De Maipo
March 23 at 9:59 AM ¬∑
üíâ ¬°Buenos d√≠as!, esta semana sigue el Plan de Vacunaci√≥n para ni√±os y ni√±as en Colegios y Jardines de Isla de Maipo, actualizamos informaci√≥n y solicitamos tener los resguardos necesarios frente a la situaci√≥n actual del #Coronavirus:
‚òë Lunes 23
- Escuela San Jos√©
8:30 a 10:30 hrs
- Childrenshome
11:00 a 13:00 hrs
‚òë Martes 24
- Colegio Mar√≠a Reina
8:30 a 10:30 hrs
‚òë Mi√©rcoles 25
- Liceo Mario Bertero
8:30 a 10:30 hrs
‚òë Jueves 26
- Colegio Efra√≠n Maldonado Torres
8:30 a 10:30 hrs
‚òë Viernes 27
- Escuela Futuro Las Mercedes
8:30 a 10:30 hrs
- Schulhaus Montessori
11:00 a 13:00 hrs.
‚òë Lunes 30
- Liceo Italia y Jard√≠n Italia
8:30 a 10:30 hrs
‚òë Martes 31
- Jard√≠n Harawy
8:30 a 10:30 hrs
‚òë Mi√©rcoles 1 de Abril
- Jard√≠n Mi Islita
8:30 a 10:30 hrs
- Jos√© Mar√≠a de la Cruz
11:00 a 13:00 hrs.
Vacunaci√≥n desde los 6 meses o 10 a√±os o hasta 5to. B√°sico.",Este mi√©rcoles 25 de marzo sigue el plan de vacunaci√≥n para ni√±os y ni√±as hasta los 10 a√±os o hasta 5to b√°sico en el Liceo Mario Bertero de 8:30 a 10:30 hrs,"Municipalidad Isla De Maipo
March 23 at 9:59 AM ¬∑
üíâ ¬°Buenos d√≠as!, esta semana sigue el Plan de Vacunaci√≥n para ni√±os y ni√±as en Colegios y Jardines de Isla de Maipo, actualizamos informaci√≥n y solicitamos tener los resguardos necesarios frente a la situaci√≥n actual del #Coronavirus:
‚òë Lunes 23
- Escuela San Jos√©
8:30 a 10:30 hrs
- Childrenshome
11:00 a 13:00 hrs
‚òë Martes 24
- Colegio Mar√≠a Reina
8:30 a 10:30 hrs
‚òë Mi√©rcoles 25
- Liceo Mario Bertero
8:30 a 10:30 hrs
‚òë Jueves 26
- Colegio Efra√≠n Maldonado Torres
8:30 a 10:30 hrs
‚òë Viernes 27
- Escuela Futuro Las Mercedes
8:30 a 10:30 hrs
- Schulhaus Montessori
11:00 a 13:00 hrs.
‚òë Lunes 30
- Liceo Italia y Jard√≠n Italia
8:30 a 10:30 hrs
‚òë Martes 31
- Jard√≠n Harawy
8:30 a 10:30 hrs
‚òë Mi√©rcoles 1 de Abril
- Jard√≠n Mi Islita
8:30 a 10:30 hrs
- Jos√© Mar√≠a de la Cruz
11:00 a 13:00 hrs.
Vacunaci√≥n desde los 6 meses o 10 a√±os o hasta 5to. B√°sico.",2020-03-24 19:05:05,https://scontent-scl1-1.xx.fbcdn.net/v/t1.0-9/fr/cp0/e15/q65/91117957_2419741611657363_7439631492730322944_n.jpg?_nc_cat=109&_nc_sid=8024bb&_nc_oc=AQkCFwEGgxsqgpKJ3XMjunXIw_CTdmp0U1_whnUV-Ajt0sBQo9P-y7PQnPpcem1Lb-I&_nc_ht=scontent-scl1-1.xx&_nc_tp=14&oh=63e12bb56a601ef49f0c259f0c0a5df3&oe=5EA3E2A8,0,1,0,https://m.facebook.com/story.php?story_fbid=2420930914871766&id=1467866490178218,,2020-03-26 15:59:56.718197,muniislademaipo
Beatriz Cr Roble Creo que la comuna hay que decretar cuarentena y no salir a menos que sea a trabajar.. Tenemos que cuidar a nuestros abuelos y ni√±os.. Ya hay 4 ni√±os entre 0 y 4 a√±os contagiados.. Esto supera los l√≠mites de tolerancia.. Espero no tener contagiados en mi querida comuna,3,1 d,829188440914021,"‚Ñπ ACTUALIZACI√ìN CORONAVIRUS EN CHILEüá®üá±: Gobierno actualiza cifras, con 1.142 casos confirmados de #COVID_19 en Chile, aumentando a 3 los fallecidos a nivel nacional.
La tercera muerte se registr√≥ en #Concepci√≥n durante la ma√±ana de este mi√©rcoles. El deceso fue confirmado por el ministro de Salud, #JaimeMa√±alich.
üßê Suspendidas las clases durante todo abril:
Se extiende por 2 semanas m√°s la suspensi√≥n de clases para jardines y colegios.
Las vacaciones de invierno se terminar√°n las 2 √∫ltimas semanas de Abril 2020
#COMPARTEüí™","‚Ñπ ACTUALIZACI√ìN CORONAVIRUS EN CHILEüá®üá±: Gobierno actualiza cifras, con 1.142 casos confirmados de #COVID_19 en Chile, aumentando a 3 los fallecidos a nivel nacional.
La tercera muerte se registr√≥ en #Concepci√≥n durante la ma√±ana de este mi√©rcoles. El deceso fue confirmado por el ministro de Salud, #JaimeMa√±alich.
üßê Suspendidas las clases durante todo abril:
Se extiende por 2 semanas m√°s la suspensi√≥n de clases para jardines y colegios.
Las vacaciones de invierno se terminar√°n las 2 √∫ltimas semanas de Abril 2020
#COMPARTEüí™",,2020-03-25 11:59:14,https://scontent-scl1-1.xx.fbcdn.net/v/t1.0-9/90931475_829188270914038_3594673509747392512_o.png?_nc_cat=111&_nc_sid=8024bb&_nc_oc=AQl4HKHZby3Asl6Z5yWI7KceEKv98ZK5XS-IY38HPJW3_HNRpRTxVeMQaxqz-ZF5grM&_nc_ht=scontent-scl1-1.xx&oh=38c1ab4d8320d18033d8a5a4cb56e7fe&oe=5EA35320,10,2,0,https://m.facebook.com/story.php?story_fbid=829188440914021&id=192945167871688,,2020-03-26 16:00:47.672079,IslaDeMaipoAtentos
"Olivier Gobillon Beatriz Cr Roble con este tipo de comentarios ud. genera angustia; para su informaci√≥n, de los 3 fallecidos todos eran veteranos de m√°s de 75 a√±os con enfermedades prexisitentes. Seg√∫n las estad√≠stica no ha muerto, a causa de este virus, ning√∫n ni√±o menor a 10 a√±os en todo el mundo. Por favor prudencia.",0,1 d,829188440914021,"‚Ñπ ACTUALIZACI√ìN CORONAVIRUS EN CHILEüá®üá±: Gobierno actualiza cifras, con 1.142 casos confirmados de #COVID_19 en Chile, aumentando a 3 los fallecidos a nivel nacional.
La tercera muerte se registr√≥ en #Concepci√≥n durante la ma√±ana de este mi√©rcoles. El deceso fue confirmado por el ministro de Salud, #JaimeMa√±alich.
üßê Suspendidas las clases durante todo abril:
Se extiende por 2 semanas m√°s la suspensi√≥n de clases para jardines y colegios.
Las vacaciones de invierno se terminar√°n las 2 √∫ltimas semanas de Abril 2020
#COMPARTEüí™","‚Ñπ ACTUALIZACI√ìN CORONAVIRUS EN CHILEüá®üá±: Gobierno actualiza cifras, con 1.142 casos confirmados de #COVID_19 en Chile, aumentando a 3 los fallecidos a nivel nacional.
La tercera muerte se registr√≥ en #Concepci√≥n durante la ma√±ana de este mi√©rcoles. El deceso fue confirmado por el ministro de Salud, #JaimeMa√±alich.
üßê Suspendidas las clases durante todo abril:
Se extiende por 2 semanas m√°s la suspensi√≥n de clases para jardines y colegios.
Las vacaciones de invierno se terminar√°n las 2 √∫ltimas semanas de Abril 2020
#COMPARTEüí™",,2020-03-25 11:59:14,https://scontent-scl1-1.xx.fbcdn.net/v/t1.0-9/90931475_829188270914038_3594673509747392512_o.png?_nc_cat=111&_nc_sid=8024bb&_nc_oc=AQl4HKHZby3Asl6Z5yWI7KceEKv98ZK5XS-IY38HPJW3_HNRpRTxVeMQaxqz-ZF5grM&_nc_ht=scontent-scl1-1.xx&oh=38c1ab4d8320d18033d8a5a4cb56e7fe&oe=5EA35320,10,2,0,https://m.facebook.com/story.php?story_fbid=829188440914021&id=192945167871688,,2020-03-26 16:00:47.672079,IslaDeMaipoAtentos
Nataly G√≥mez Cero comprensi√≥n de lectura üôÑ,1,1 d,829188440914021,"‚Ñπ ACTUALIZACI√ìN CORONAVIRUS EN CHILEüá®üá±: Gobierno actualiza cifras, con 1.142 casos confirmados de #COVID_19 en Chile, aumentando a 3 los fallecidos a nivel nacional.
La tercera muerte se registr√≥ en #Concepci√≥n durante la ma√±ana de este mi√©rcoles. El deceso fue confirmado por el ministro de Salud, #JaimeMa√±alich.
üßê Suspendidas las clases durante todo abril:
Se extiende por 2 semanas m√°s la suspensi√≥n de clases para jardines y colegios.
Las vacaciones de invierno se terminar√°n las 2 √∫ltimas semanas de Abril 2020
#COMPARTEüí™","‚Ñπ ACTUALIZACI√ìN CORONAVIRUS EN CHILEüá®üá±: Gobierno actualiza cifras, con 1.142 casos confirmados de #COVID_19 en Chile, aumentando a 3 los fallecidos a nivel nacional.
La tercera muerte se registr√≥ en #Concepci√≥n durante la ma√±ana de este mi√©rcoles. El deceso fue confirmado por el ministro de Salud, #JaimeMa√±alich.
üßê Suspendidas las clases durante todo abril:
Se extiende por 2 semanas m√°s la suspensi√≥n de clases para jardines y colegios.
Las vacaciones de invierno se terminar√°n las 2 √∫ltimas semanas de Abril 2020
#COMPARTEüí™",,2020-03-25 11:59:14,https://scontent-scl1-1.xx.fbcdn.net/v/t1.0-9/90931475_829188270914038_3594673509747392512_o.png?_nc_cat=111&_nc_sid=8024bb&_nc_oc=AQl4HKHZby3Asl6Z5yWI7KceEKv98ZK5XS-IY38HPJW3_HNRpRTxVeMQaxqz-ZF5grM&_nc_ht=scontent-scl1-1.xx&oh=38c1ab4d8320d18033d8a5a4cb56e7fe&oe=5EA35320,10,2,0,https://m.facebook.com/story.php?story_fbid=829188440914021&id=192945167871688,,2020-03-26 16:00:47.672079,IslaDeMaipoAtentos
Beatriz Cr Roble Olivier Gobillon lea bien.. Hay contagiados.. NO MUERTOS.. OJO NI√ëOS CONTAGIADOS.. NO MUERTOS.. LEA BIEN,1,1 d,829188440914021,"‚Ñπ ACTUALIZACI√ìN CORONAVIRUS EN CHILEüá®üá±: Gobierno actualiza cifras, con 1.142 casos confirmados de #COVID_19 en Chile, aumentando a 3 los fallecidos a nivel nacional.
La tercera muerte se registr√≥ en #Concepci√≥n durante la ma√±ana de este mi√©rcoles. El deceso fue confirmado por el ministro de Salud, #JaimeMa√±alich.
üßê Suspendidas las clases durante todo abril:
Se extiende por 2 semanas m√°s la suspensi√≥n de clases para jardines y colegios.
Las vacaciones de invierno se terminar√°n las 2 √∫ltimas semanas de Abril 2020
#COMPARTEüí™","‚Ñπ ACTUALIZACI√ìN CORONAVIRUS EN CHILEüá®üá±: Gobierno actualiza cifras, con 1.142 casos confirmados de #COVID_19 en Chile, aumentando a 3 los fallecidos a nivel nacional.
La tercera muerte se registr√≥ en #Concepci√≥n durante la ma√±ana de este mi√©rcoles. El deceso fue confirmado por el ministro de Salud, #JaimeMa√±alich.
üßê Suspendidas las clases durante todo abril:
Se extiende por 2 semanas m√°s la suspensi√≥n de clases para jardines y colegios.
Las vacaciones de invierno se terminar√°n las 2 √∫ltimas semanas de Abril 2020
#COMPARTEüí™",,2020-03-25 11:59:14,https://scontent-scl1-1.xx.fbcdn.net/v/t1.0-9/90931475_829188270914038_3594673509747392512_o.png?_nc_cat=111&_nc_sid=8024bb&_nc_oc=AQl4HKHZby3Asl6Z5yWI7KceEKv98ZK5XS-IY38HPJW3_HNRpRTxVeMQaxqz-ZF5grM&_nc_ht=scontent-scl1-1.xx&oh=38c1ab4d8320d18033d8a5a4cb56e7fe&oe=5EA35320,10,2,0,https://m.facebook.com/story.php?story_fbid=829188440914021&id=192945167871688,,2020-03-26 16:00:47.672079,IslaDeMaipoAtentos
Olivier Gobillon Beatriz Cr Roble entonces no se preocupe tanto.,0,1 d,829188440914021,"‚Ñπ ACTUALIZACI√ìN CORONAVIRUS EN CHILEüá®üá±: Gobierno actualiza cifras, con 1.142 casos confirmados de #COVID_19 en Chile, aumentando a 3 los fallecidos a nivel nacional.
La tercera muerte se registr√≥ en #Concepci√≥n durante la ma√±ana de este mi√©rcoles. El deceso fue confirmado por el ministro de Salud, #JaimeMa√±alich.
üßê Suspendidas las clases durante todo abril:
Se extiende por 2 semanas m√°s la suspensi√≥n de clases para jardines y colegios.
Las vacaciones de invierno se terminar√°n las 2 √∫ltimas semanas de Abril 2020
#COMPARTEüí™","‚Ñπ ACTUALIZACI√ìN CORONAVIRUS EN CHILEüá®üá±: Gobierno actualiza cifras, con 1.142 casos confirmados de #COVID_19 en Chile, aumentando a 3 los fallecidos a nivel nacional.
La tercera muerte se registr√≥ en #Concepci√≥n durante la ma√±ana de este mi√©rcoles. El deceso fue confirmado por el ministro de Salud, #JaimeMa√±alich.
üßê Suspendidas las clases durante todo abril:
Se extiende por 2 semanas m√°s la suspensi√≥n de clases para jardines y colegios.
Las vacaciones de invierno se terminar√°n las 2 √∫ltimas semanas de Abril 2020
#COMPARTEüí™",,2020-03-25 11:59:14,https://scontent-scl1-1.xx.fbcdn.net/v/t1.0-9/90931475_829188270914038_3594673509747392512_o.png?_nc_cat=111&_nc_sid=8024bb&_nc_oc=AQl4HKHZby3Asl6Z5yWI7KceEKv98ZK5XS-IY38HPJW3_HNRpRTxVeMQaxqz-ZF5grM&_nc_ht=scontent-scl1-1.xx&oh=38c1ab4d8320d18033d8a5a4cb56e7fe&oe=5EA35320,10,2,0,https://m.facebook.com/story.php?story_fbid=829188440914021&id=192945167871688,,2020-03-26 16:00:47.672079,IslaDeMaipoAtentos
"Lore Cornejo Olivier Gobillon puede que los ni√±os no mueran por coronavirus, pero son portadores y por ende contagian, y as√≠ la cadena sigue y sigue. Ejemplo, en mi casa hay un beb√© de 6 meses, 2 adultos mayores y yo. Yo soy la encargada de hacer compras, si me contagio, contagio a mi beb√© y a mis padres. Posibles 2 muertes. Es para preocuparse o no ?",2,1 d,829188440914021,"‚Ñπ ACTUALIZACI√ìN CORONAVIRUS EN CHILEüá®üá±: Gobierno actualiza cifras, con 1.142 casos confirmados de #COVID_19 en Chile, aumentando a 3 los fallecidos a nivel nacional.
La tercera muerte se registr√≥ en #Concepci√≥n durante la ma√±ana de este mi√©rcoles. El deceso fue confirmado por el ministro de Salud, #JaimeMa√±alich.
üßê Suspendidas las clases durante todo abril:
Se extiende por 2 semanas m√°s la suspensi√≥n de clases para jardines y colegios.
Las vacaciones de invierno se terminar√°n las 2 √∫ltimas semanas de Abril 2020
#COMPARTEüí™","‚Ñπ ACTUALIZACI√ìN CORONAVIRUS EN CHILEüá®üá±: Gobierno actualiza cifras, con 1.142 casos confirmados de #COVID_19 en Chile, aumentando a 3 los fallecidos a nivel nacional.
La tercera muerte se registr√≥ en #Concepci√≥n durante la ma√±ana de este mi√©rcoles. El deceso fue confirmado por el ministro de Salud, #JaimeMa√±alich.
üßê Suspendidas las clases durante todo abril:
Se extiende por 2 semanas m√°s la suspensi√≥n de clases para jardines y colegios.
Las vacaciones de invierno se terminar√°n las 2 √∫ltimas semanas de Abril 2020
#COMPARTEüí™",,2020-03-25 11:59:14,https://scontent-scl1-1.xx.fbcdn.net/v/t1.0-9/90931475_829188270914038_3594673509747392512_o.png?_nc_cat=111&_nc_sid=8024bb&_nc_oc=AQl4HKHZby3Asl6Z5yWI7KceEKv98ZK5XS-IY38HPJW3_HNRpRTxVeMQaxqz-ZF5grM&_nc_ht=scontent-scl1-1.xx&oh=38c1ab4d8320d18033d8a5a4cb56e7fe&oe=5EA35320,10,2,0,https://m.facebook.com/story.php?story_fbid=829188440914021&id=192945167871688,,2020-03-26 16:00:47.672079,IslaDeMaipoAtentos
Beatriz Cr Roble Olivier Gobillon por eso chile esta como esta por que no se ocupan de lo importante.. Los ni√±os son vectores..,0,1 d,829188440914021,"‚Ñπ ACTUALIZACI√ìN CORONAVIRUS EN CHILEüá®üá±: Gobierno actualiza cifras, con 1.142 casos confirmados de #COVID_19 en Chile, aumentando a 3 los fallecidos a nivel nacional.
La tercera muerte se registr√≥ en #Concepci√≥n durante la ma√±ana de este mi√©rcoles. El deceso fue confirmado por el ministro de Salud, #JaimeMa√±alich.
üßê Suspendidas las clases durante todo abril:
Se extiende por 2 semanas m√°s la suspensi√≥n de clases para jardines y colegios.
Las vacaciones de invierno se terminar√°n las 2 √∫ltimas semanas de Abril 2020
#COMPARTEüí™","‚Ñπ ACTUALIZACI√ìN CORONAVIRUS EN CHILEüá®üá±: Gobierno actualiza cifras, con 1.142 casos confirmados de #COVID_19 en Chile, aumentando a 3 los fallecidos a nivel nacional.
La tercera muerte se registr√≥ en #Concepci√≥n durante la ma√±ana de este mi√©rcoles. El deceso fue confirmado por el ministro de Salud, #JaimeMa√±alich.
üßê Suspendidas las clases durante todo abril:
Se extiende por 2 semanas m√°s la suspensi√≥n de clases para jardines y colegios.
Las vacaciones de invierno se terminar√°n las 2 √∫ltimas semanas de Abril 2020
#COMPARTEüí™",,2020-03-25 11:59:14,https://scontent-scl1-1.xx.fbcdn.net/v/t1.0-9/90931475_829188270914038_3594673509747392512_o.png?_nc_cat=111&_nc_sid=8024bb&_nc_oc=AQl4HKHZby3Asl6Z5yWI7KceEKv98ZK5XS-IY38HPJW3_HNRpRTxVeMQaxqz-ZF5grM&_nc_ht=scontent-scl1-1.xx&oh=38c1ab4d8320d18033d8a5a4cb56e7fe&oe=5EA35320,10,2,0,https://m.facebook.com/story.php?story_fbid=829188440914021&id=192945167871688,,2020-03-26 16:00:47.672079,IslaDeMaipoAtentos
"Olivier Gobillon Lore Cornejo si los adultos mayores tienen enfermedades prexisitentes deber√≠a preocuparse de extremar su aislamiento; el punto es no generar p√°nico innecesario. Seguir las instrucciones que est√°n establecidas por el Gobierno me parece correcto.
Las co‚Ä¶Ver m√°s",0,1 d,829188440914021,"‚Ñπ ACTUALIZACI√ìN CORONAVIRUS EN CHILEüá®üá±: Gobierno actualiza cifras, con 1.142 casos confirmados de #COVID_19 en Chile, aumentando a 3 los fallecidos a nivel nacional.
La tercera muerte se registr√≥ en #Concepci√≥n durante la ma√±ana de este mi√©rcoles. El deceso fue confirmado por el ministro de Salud, #JaimeMa√±alich.
üßê Suspendidas las clases durante todo abril:
Se extiende por 2 semanas m√°s la suspensi√≥n de clases para jardines y colegios.
Las vacaciones de invierno se terminar√°n las 2 √∫ltimas semanas de Abril 2020
#COMPARTEüí™","‚Ñπ ACTUALIZACI√ìN CORONAVIRUS EN CHILEüá®üá±: Gobierno actualiza cifras, con 1.142 casos confirmados de #COVID_19 en Chile, aumentando a 3 los fallecidos a nivel nacional.
La tercera muerte se registr√≥ en #Concepci√≥n durante la ma√±ana de este mi√©rcoles. El deceso fue confirmado por el ministro de Salud, #JaimeMa√±alich.
üßê Suspendidas las clases durante todo abril:
Se extiende por 2 semanas m√°s la suspensi√≥n de clases para jardines y colegios.
Las vacaciones de invierno se terminar√°n las 2 √∫ltimas semanas de Abril 2020
#COMPARTEüí™",,2020-03-25 11:59:14,https://scontent-scl1-1.xx.fbcdn.net/v/t1.0-9/90931475_829188270914038_3594673509747392512_o.png?_nc_cat=111&_nc_sid=8024bb&_nc_oc=AQl4HKHZby3Asl6Z5yWI7KceEKv98ZK5XS-IY38HPJW3_HNRpRTxVeMQaxqz-ZF5grM&_nc_ht=scontent-scl1-1.xx&oh=38c1ab4d8320d18033d8a5a4cb56e7fe&oe=5EA35320,10,2,0,https://m.facebook.com/story.php?story_fbid=829188440914021&id=192945167871688,,2020-03-26 16:00:47.672079,IslaDeMaipoAtentos
"Olivier Gobillon Beatriz Cr Roble los ni√±os est√°n sin clases hace 10 d√≠as; Adem√°s, acaban de extender esta medida por 2 semanas + el adelanto de las vacaciones de invierno. ¬ø Qu√© m√°s sugiere Ud. hacer?",0,1 d,829188440914021,"‚Ñπ ACTUALIZACI√ìN CORONAVIRUS EN CHILEüá®üá±: Gobierno actualiza cifras, con 1.142 casos confirmados de #COVID_19 en Chile, aumentando a 3 los fallecidos a nivel nacional.
La tercera muerte se registr√≥ en #Concepci√≥n durante la ma√±ana de este mi√©rcoles. El deceso fue confirmado por el ministro de Salud, #JaimeMa√±alich.
üßê Suspendidas las clases durante todo abril:
Se extiende por 2 semanas m√°s la suspensi√≥n de clases para jardines y colegios.
Las vacaciones de invierno se terminar√°n las 2 √∫ltimas semanas de Abril 2020
#COMPARTEüí™","‚Ñπ ACTUALIZACI√ìN CORONAVIRUS EN CHILEüá®üá±: Gobierno actualiza cifras, con 1.142 casos confirmados de #COVID_19 en Chile, aumentando a 3 los fallecidos a nivel nacional.
La tercera muerte se registr√≥ en #Concepci√≥n durante la ma√±ana de este mi√©rcoles. El deceso fue confirmado por el ministro de Salud, #JaimeMa√±alich.
üßê Suspendidas las clases durante todo abril:
Se extiende por 2 semanas m√°s la suspensi√≥n de clases para jardines y colegios.
Las vacaciones de invierno se terminar√°n las 2 √∫ltimas semanas de Abril 2020
#COMPARTEüí™",,2020-03-25 11:59:14,https://scontent-scl1-1.xx.fbcdn.net/v/t1.0-9/90931475_829188270914038_3594673509747392512_o.png?_nc_cat=111&_nc_sid=8024bb&_nc_oc=AQl4HKHZby3Asl6Z5yWI7KceEKv98ZK5XS-IY38HPJW3_HNRpRTxVeMQaxqz-ZF5grM&_nc_ht=scontent-scl1-1.xx&oh=38c1ab4d8320d18033d8a5a4cb56e7fe&oe=5EA35320,10,2,0,https://m.facebook.com/story.php?story_fbid=829188440914021&id=192945167871688,,2020-03-26 16:00:47.672079,IslaDeMaipoAtentos
"Lore Cornejo Olivier Gobillon no es generar p√°nico. Es generar conciencia. Entregar la informaci√≥n correcta no es generar p√°nico. Yo no soy nadie para sugerir nada, pero si me parece que hay que tomar medidas para salvar vidas antes que salvar econom√≠as. Sea la medida que sea que de el gobierno, yo estar√© dispuesta a acatarla y si en mis manos est√° aportar de alguna forma a frenar el contagio, aunque sea de 10 personas, lo har√©.",0,1 d,829188440914021,"‚Ñπ ACTUALIZACI√ìN CORONAVIRUS EN CHILEüá®üá±: Gobierno actualiza cifras, con 1.142 casos confirmados de #COVID_19 en Chile, aumentando a 3 los fallecidos a nivel nacional.
La tercera muerte se registr√≥ en #Concepci√≥n durante la ma√±ana de este mi√©rcoles. El deceso fue confirmado por el ministro de Salud, #JaimeMa√±alich.
üßê Suspendidas las clases durante todo abril:
Se extiende por 2 semanas m√°s la suspensi√≥n de clases para jardines y colegios.
Las vacaciones de invierno se terminar√°n las 2 √∫ltimas semanas de Abril 2020
#COMPARTEüí™","‚Ñπ ACTUALIZACI√ìN CORONAVIRUS EN CHILEüá®üá±: Gobierno actualiza cifras, con 1.142 casos confirmados de #COVID_19 en Chile, aumentando a 3 los fallecidos a nivel nacional.
La tercera muerte se registr√≥ en #Concepci√≥n durante la ma√±ana de este mi√©rcoles. El deceso fue confirmado por el ministro de Salud, #JaimeMa√±alich.
üßê Suspendidas las clases durante todo abril:
Se extiende por 2 semanas m√°s la suspensi√≥n de clases para jardines y colegios.
Las vacaciones de invierno se terminar√°n las 2 √∫ltimas semanas de Abril 2020
#COMPARTEüí™",,2020-03-25 11:59:14,https://scontent-scl1-1.xx.fbcdn.net/v/t1.0-9/90931475_829188270914038_3594673509747392512_o.png?_nc_cat=111&_nc_sid=8024bb&_nc_oc=AQl4HKHZby3Asl6Z5yWI7KceEKv98ZK5XS-IY38HPJW3_HNRpRTxVeMQaxqz-ZF5grM&_nc_ht=scontent-scl1-1.xx&oh=38c1ab4d8320d18033d8a5a4cb56e7fe&oe=5EA35320,10,2,0,https://m.facebook.com/story.php?story_fbid=829188440914021&id=192945167871688,,2020-03-26 16:00:47.672079,IslaDeMaipoAtentos
Beatriz Cr Roble Olivier Gobillon CUARENTENA GENERAL.. PARAR EL. PA√çS.. O SE USAR√ÅN MAS DE 5000 DE BOLSAS DE MUERTOS.,,1 d,829188440914021,"‚Ñπ ACTUALIZACI√ìN CORONAVIRUS EN CHILEüá®üá±: Gobierno actualiza cifras, con 1.142 casos confirmados de #COVID_19 en Chile, aumentando a 3 los fallecidos a nivel nacional.
La tercera muerte se registr√≥ en #Concepci√≥n durante la ma√±ana de este mi√©rcoles. El deceso fue confirmado por el ministro de Salud, #JaimeMa√±alich.
üßê Suspendidas las clases durante todo abril:
Se extiende por 2 semanas m√°s la suspensi√≥n de clases para jardines y colegios.
Las vacaciones de invierno se terminar√°n las 2 √∫ltimas semanas de Abril 2020
#COMPARTEüí™","‚Ñπ ACTUALIZACI√ìN CORONAVIRUS EN CHILEüá®üá±: Gobierno actualiza cifras, con 1.142 casos confirmados de #COVID_19 en Chile, aumentando a 3 los fallecidos a nivel nacional.
La tercera muerte se registr√≥ en #Concepci√≥n durante la ma√±ana de este mi√©rcoles. El deceso fue confirmado por el ministro de Salud, #JaimeMa√±alich.
üßê Suspendidas las clases durante todo abril:
Se extiende por 2 semanas m√°s la suspensi√≥n de clases para jardines y colegios.
Las vacaciones de invierno se terminar√°n las 2 √∫ltimas semanas de Abril 2020
#COMPARTEüí™",,2020-03-25 11:59:14,https://scontent-scl1-1.xx.fbcdn.net/v/t1.0-9/90931475_829188270914038_3594673509747392512_o.png?_nc_cat=111&_nc_sid=8024bb&_nc_oc=AQl4HKHZby3Asl6Z5yWI7KceEKv98ZK5XS-IY38HPJW3_HNRpRTxVeMQaxqz-ZF5grM&_nc_ht=scontent-scl1-1.xx&oh=38c1ab4d8320d18033d8a5a4cb56e7fe&oe=5EA35320,10,2,0,https://m.facebook.com/story.php?story_fbid=829188440914021&id=192945167871688,,2020-03-26 16:00:47.672079,IslaDeMaipoAtentos
"Elizabeth S√°nchez S√°nchez Beatriz Cr Roble y eso de las bolsas no es generar p√°nico...
Sra. Hay personas que no pueden dejar de trabajar, as√≠ de simple NO PUEDEN. Las va a alimentar usted, para que les d√© sus contactos...
Tenemos que cuidarnos y mucho, sobre todo a los adultos mayores, pero le recomiendo que deje de ver los matinales üëçüèª",0,17 h,829188440914021,"‚Ñπ ACTUALIZACI√ìN CORONAVIRUS EN CHILEüá®üá±: Gobierno actualiza cifras, con 1.142 casos confirmados de #COVID_19 en Chile, aumentando a 3 los fallecidos a nivel nacional.
La tercera muerte se registr√≥ en #Concepci√≥n durante la ma√±ana de este mi√©rcoles. El deceso fue confirmado por el ministro de Salud, #JaimeMa√±alich.
üßê Suspendidas las clases durante todo abril:
Se extiende por 2 semanas m√°s la suspensi√≥n de clases para jardines y colegios.
Las vacaciones de invierno se terminar√°n las 2 √∫ltimas semanas de Abril 2020
#COMPARTEüí™","‚Ñπ ACTUALIZACI√ìN CORONAVIRUS EN CHILEüá®üá±: Gobierno actualiza cifras, con 1.142 casos confirmados de #COVID_19 en Chile, aumentando a 3 los fallecidos a nivel nacional.
La tercera muerte se registr√≥ en #Concepci√≥n durante la ma√±ana de este mi√©rcoles. El deceso fue confirmado por el ministro de Salud, #JaimeMa√±alich.
üßê Suspendidas las clases durante todo abril:
Se extiende por 2 semanas m√°s la suspensi√≥n de clases para jardines y colegios.
Las vacaciones de invierno se terminar√°n las 2 √∫ltimas semanas de Abril 2020
#COMPARTEüí™",,2020-03-25 11:59:14,https://scontent-scl1-1.xx.fbcdn.net/v/t1.0-9/90931475_829188270914038_3594673509747392512_o.png?_nc_cat=111&_nc_sid=8024bb&_nc_oc=AQl4HKHZby3Asl6Z5yWI7KceEKv98ZK5XS-IY38HPJW3_HNRpRTxVeMQaxqz-ZF5grM&_nc_ht=scontent-scl1-1.xx&oh=38c1ab4d8320d18033d8a5a4cb56e7fe&oe=5EA35320,10,2,0,https://m.facebook.com/story.php?story_fbid=829188440914021&id=192945167871688,,2020-03-26 16:00:47.672079,IslaDeMaipoAtentos
"Beatriz Cr Roble Elizabeth S√°nchez S√°nchez se√±ora yo trabajo todos los d√≠as me doy un viaje de 60 km de mi casa a mi pega.. Se muy bien lo que es cuidarse sin que el empleador no me d√© ninguna medida de cuidado.. Lisoform de mi bolsillo, alcohol gel de mi bolsillo, gua‚Ä¶Ver m√°s",0,17 h,829188440914021,"‚Ñπ ACTUALIZACI√ìN CORONAVIRUS EN CHILEüá®üá±: Gobierno actualiza cifras, con 1.142 casos confirmados de #COVID_19 en Chile, aumentando a 3 los fallecidos a nivel nacional.
La tercera muerte se registr√≥ en #Concepci√≥n durante la ma√±ana de este mi√©rcoles. El deceso fue confirmado por el ministro de Salud, #JaimeMa√±alich.
üßê Suspendidas las clases durante todo abril:
Se extiende por 2 semanas m√°s la suspensi√≥n de clases para jardines y colegios.
Las vacaciones de invierno se terminar√°n las 2 √∫ltimas semanas de Abril 2020
#COMPARTEüí™","‚Ñπ ACTUALIZACI√ìN CORONAVIRUS EN CHILEüá®üá±: Gobierno actualiza cifras, con 1.142 casos confirmados de #COVID_19 en Chile, aumentando a 3 los fallecidos a nivel nacional.
La tercera muerte se registr√≥ en #Concepci√≥n durante la ma√±ana de este mi√©rcoles. El deceso fue confirmado por el ministro de Salud, #JaimeMa√±alich.
üßê Suspendidas las clases durante todo abril:
Se extiende por 2 semanas m√°s la suspensi√≥n de clases para jardines y colegios.
Las vacaciones de invierno se terminar√°n las 2 √∫ltimas semanas de Abril 2020
#COMPARTEüí™",,2020-03-25 11:59:14,https://scontent-scl1-1.xx.fbcdn.net/v/t1.0-9/90931475_829188270914038_3594673509747392512_o.png?_nc_cat=111&_nc_sid=8024bb&_nc_oc=AQl4HKHZby3Asl6Z5yWI7KceEKv98ZK5XS-IY38HPJW3_HNRpRTxVeMQaxqz-ZF5grM&_nc_ht=scontent-scl1-1.xx&oh=38c1ab4d8320d18033d8a5a4cb56e7fe&oe=5EA35320,10,2,0,https://m.facebook.com/story.php?story_fbid=829188440914021&id=192945167871688,,2020-03-26 16:00:47.672079,IslaDeMaipoAtentos
Beatriz Cr Roble Elizabeth S√°nchez S√°nchez si me dice a que hora empiezan los matinales y hasta que hora se lo agradezco lo pensar√≠a si quiero ver estupideces que no tienen sentido.. YO A ESA HORA ESTOY CAMINO A MI PEGA O BIEN EN MI PEGA ESCUCHANDO LA BIO BIO.. TENGO CLARO MIS VALORES Y MIS DEBERES.. Y SI NO LEE BIEN.. Y NO COMPREN DE.. APRENDA A TENER COMPRENSI√ìN LECTORA ANTES DE OPINAR.. NO ES ALARMAR.. PERO ES LA REALIDAD,0,17 h,829188440914021,"‚Ñπ ACTUALIZACI√ìN CORONAVIRUS EN CHILEüá®üá±: Gobierno actualiza cifras, con 1.142 casos confirmados de #COVID_19 en Chile, aumentando a 3 los fallecidos a nivel nacional.
La tercera muerte se registr√≥ en #Concepci√≥n durante la ma√±ana de este mi√©rcoles. El deceso fue confirmado por el ministro de Salud, #JaimeMa√±alich.
üßê Suspendidas las clases durante todo abril:
Se extiende por 2 semanas m√°s la suspensi√≥n de clases para jardines y colegios.
Las vacaciones de invierno se terminar√°n las 2 √∫ltimas semanas de Abril 2020
#COMPARTEüí™","‚Ñπ ACTUALIZACI√ìN CORONAVIRUS EN CHILEüá®üá±: Gobierno actualiza cifras, con 1.142 casos confirmados de #COVID_19 en Chile, aumentando a 3 los fallecidos a nivel nacional.
La tercera muerte se registr√≥ en #Concepci√≥n durante la ma√±ana de este mi√©rcoles. El deceso fue confirmado por el ministro de Salud, #JaimeMa√±alich.
üßê Suspendidas las clases durante todo abril:
Se extiende por 2 semanas m√°s la suspensi√≥n de clases para jardines y colegios.
Las vacaciones de invierno se terminar√°n las 2 √∫ltimas semanas de Abril 2020
#COMPARTEüí™",,2020-03-25 11:59:14,https://scontent-scl1-1.xx.fbcdn.net/v/t1.0-9/90931475_829188270914038_3594673509747392512_o.png?_nc_cat=111&_nc_sid=8024bb&_nc_oc=AQl4HKHZby3Asl6Z5yWI7KceEKv98ZK5XS-IY38HPJW3_HNRpRTxVeMQaxqz-ZF5grM&_nc_ht=scontent-scl1-1.xx&oh=38c1ab4d8320d18033d8a5a4cb56e7fe&oe=5EA35320,10,2,0,https://m.facebook.com/story.php?story_fbid=829188440914021&id=192945167871688,,2020-03-26 16:00:47.672079,IslaDeMaipoAtentos
"Beatriz Cr Roble Elizabeth S√°nchez S√°nchez lea instruya se.. El facebook no es s√≥lo para cahuinear detr√°s del celular.. Tambi√©n existen p√°ginas importantes en Internet como emol, Am√©rica econom√≠a, cnn, radios, etc.. LEA ESO DA CULTURA",0,17 h,829188440914021,"‚Ñπ ACTUALIZACI√ìN CORONAVIRUS EN CHILEüá®üá±: Gobierno actualiza cifras, con 1.142 casos confirmados de #COVID_19 en Chile, aumentando a 3 los fallecidos a nivel nacional.
La tercera muerte se registr√≥ en #Concepci√≥n durante la ma√±ana de este mi√©rcoles. El deceso fue confirmado por el ministro de Salud, #JaimeMa√±alich.
üßê Suspendidas las clases durante todo abril:
Se extiende por 2 semanas m√°s la suspensi√≥n de clases para jardines y colegios.
Las vacaciones de invierno se terminar√°n las 2 √∫ltimas semanas de Abril 2020
#COMPARTEüí™","‚Ñπ ACTUALIZACI√ìN CORONAVIRUS EN CHILEüá®üá±: Gobierno actualiza cifras, con 1.142 casos confirmados de #COVID_19 en Chile, aumentando a 3 los fallecidos a nivel nacional.
La tercera muerte se registr√≥ en #Concepci√≥n durante la ma√±ana de este mi√©rcoles. El deceso fue confirmado por el ministro de Salud, #JaimeMa√±alich.
üßê Suspendidas las clases durante todo abril:
Se extiende por 2 semanas m√°s la suspensi√≥n de clases para jardines y colegios.
Las vacaciones de invierno se terminar√°n las 2 √∫ltimas semanas de Abril 2020
#COMPARTEüí™",,2020-03-25 11:59:14,https://scontent-scl1-1.xx.fbcdn.net/v/t1.0-9/90931475_829188270914038_3594673509747392512_o.png?_nc_cat=111&_nc_sid=8024bb&_nc_oc=AQl4HKHZby3Asl6Z5yWI7KceEKv98ZK5XS-IY38HPJW3_HNRpRTxVeMQaxqz-ZF5grM&_nc_ht=scontent-scl1-1.xx&oh=38c1ab4d8320d18033d8a5a4cb56e7fe&oe=5EA35320,10,2,0,https://m.facebook.com/story.php?story_fbid=829188440914021&id=192945167871688,,2020-03-26 16:00:47.672079,IslaDeMaipoAtentos
"Elizabeth S√°nchez S√°nchez Beatriz Cr Roble entonces cu√≠dese y qu√©dese en su casa üëçüèª hay muchos que quisieran hacerlo y no pueden.
Pero no van a parar el pa√≠s...hasta que este m√°s la embarrada o le parece extra√±o eso???
Y no me grite ‚òùüèº
Re‚Ä¶Ver m√°s",0,17 h,829188440914021,"‚Ñπ ACTUALIZACI√ìN CORONAVIRUS EN CHILEüá®üá±: Gobierno actualiza cifras, con 1.142 casos confirmados de #COVID_19 en Chile, aumentando a 3 los fallecidos a nivel nacional.
La tercera muerte se registr√≥ en #Concepci√≥n durante la ma√±ana de este mi√©rcoles. El deceso fue confirmado por el ministro de Salud, #JaimeMa√±alich.
üßê Suspendidas las clases durante todo abril:
Se extiende por 2 semanas m√°s la suspensi√≥n de clases para jardines y colegios.
Las vacaciones de invierno se terminar√°n las 2 √∫ltimas semanas de Abril 2020
#COMPARTEüí™","‚Ñπ ACTUALIZACI√ìN CORONAVIRUS EN CHILEüá®üá±: Gobierno actualiza cifras, con 1.142 casos confirmados de #COVID_19 en Chile, aumentando a 3 los fallecidos a nivel nacional.
La tercera muerte se registr√≥ en #Concepci√≥n durante la ma√±ana de este mi√©rcoles. El deceso fue confirmado por el ministro de Salud, #JaimeMa√±alich.
üßê Suspendidas las clases durante todo abril:
Se extiende por 2 semanas m√°s la suspensi√≥n de clases para jardines y colegios.
Las vacaciones de invierno se terminar√°n las 2 √∫ltimas semanas de Abril 2020
#COMPARTEüí™",,2020-03-25 11:59:14,https://scontent-scl1-1.xx.fbcdn.net/v/t1.0-9/90931475_829188270914038_3594673509747392512_o.png?_nc_cat=111&_nc_sid=8024bb&_nc_oc=AQl4HKHZby3Asl6Z5yWI7KceEKv98ZK5XS-IY38HPJW3_HNRpRTxVeMQaxqz-ZF5grM&_nc_ht=scontent-scl1-1.xx&oh=38c1ab4d8320d18033d8a5a4cb56e7fe&oe=5EA35320,10,2,0,https://m.facebook.com/story.php?story_fbid=829188440914021&id=192945167871688,,2020-03-26 16:00:47.672079,IslaDeMaipoAtentos
Beatriz Cr Roble Elizabeth S√°nchez S√°nchez me encantar√≠a quedarme en mi casa.. Pero NO PUEDO DEBO TRABAJAR COMO MUCHOS. YA QUE MI EMPLEADOR ES PARTE DEL MERCADEO POPULAR.. NADA QUE HACER.. SI LE GRITO.. QUE BUENO QUE ENTIENDE.. LEA y culturicese.. Antes de opinar,0,17 h,829188440914021,"‚Ñπ ACTUALIZACI√ìN CORONAVIRUS EN CHILEüá®üá±: Gobierno actualiza cifras, con 1.142 casos confirmados de #COVID_19 en Chile, aumentando a 3 los fallecidos a nivel nacional.
La tercera muerte se registr√≥ en #Concepci√≥n durante la ma√±ana de este mi√©rcoles. El deceso fue confirmado por el ministro de Salud, #JaimeMa√±alich.
üßê Suspendidas las clases durante todo abril:
Se extiende por 2 semanas m√°s la suspensi√≥n de clases para jardines y colegios.
Las vacaciones de invierno se terminar√°n las 2 √∫ltimas semanas de Abril 2020
#COMPARTEüí™","‚Ñπ ACTUALIZACI√ìN CORONAVIRUS EN CHILEüá®üá±: Gobierno actualiza cifras, con 1.142 casos confirmados de #COVID_19 en Chile, aumentando a 3 los fallecidos a nivel nacional.
La tercera muerte se registr√≥ en #Concepci√≥n durante la ma√±ana de este mi√©rcoles. El deceso fue confirmado por el ministro de Salud, #JaimeMa√±alich.
üßê Suspendidas las clases durante todo abril:
Se extiende por 2 semanas m√°s la suspensi√≥n de clases para jardines y colegios.
Las vacaciones de invierno se terminar√°n las 2 √∫ltimas semanas de Abril 2020
#COMPARTEüí™",,2020-03-25 11:59:14,https://scontent-scl1-1.xx.fbcdn.net/v/t1.0-9/90931475_829188270914038_3594673509747392512_o.png?_nc_cat=111&_nc_sid=8024bb&_nc_oc=AQl4HKHZby3Asl6Z5yWI7KceEKv98ZK5XS-IY38HPJW3_HNRpRTxVeMQaxqz-ZF5grM&_nc_ht=scontent-scl1-1.xx&oh=38c1ab4d8320d18033d8a5a4cb56e7fe&oe=5EA35320,10,2,0,https://m.facebook.com/story.php?story_fbid=829188440914021&id=192945167871688,,2020-03-26 16:00:47.672079,IslaDeMaipoAtentos
"Elizabeth S√°nchez S√°nchez Gracias por sus recomendaciones, siempre es bueno recibirlas üòÅüò∑",0,17 h,829188440914021,"‚Ñπ ACTUALIZACI√ìN CORONAVIRUS EN CHILEüá®üá±: Gobierno actualiza cifras, con 1.142 casos confirmados de #COVID_19 en Chile, aumentando a 3 los fallecidos a nivel nacional.
La tercera muerte se registr√≥ en #Concepci√≥n durante la ma√±ana de este mi√©rcoles. El deceso fue confirmado por el ministro de Salud, #JaimeMa√±alich.
üßê Suspendidas las clases durante todo abril:
Se extiende por 2 semanas m√°s la suspensi√≥n de clases para jardines y colegios.
Las vacaciones de invierno se terminar√°n las 2 √∫ltimas semanas de Abril 2020
#COMPARTEüí™","‚Ñπ ACTUALIZACI√ìN CORONAVIRUS EN CHILEüá®üá±: Gobierno actualiza cifras, con 1.142 casos confirmados de #COVID_19 en Chile, aumentando a 3 los fallecidos a nivel nacional.
La tercera muerte se registr√≥ en #Concepci√≥n durante la ma√±ana de este mi√©rcoles. El deceso fue confirmado por el ministro de Salud, #JaimeMa√±alich.
üßê Suspendidas las clases durante todo abril:
Se extiende por 2 semanas m√°s la suspensi√≥n de clases para jardines y colegios.
Las vacaciones de invierno se terminar√°n las 2 √∫ltimas semanas de Abril 2020
#COMPARTEüí™",,2020-03-25 11:59:14,https://scontent-scl1-1.xx.fbcdn.net/v/t1.0-9/90931475_829188270914038_3594673509747392512_o.png?_nc_cat=111&_nc_sid=8024bb&_nc_oc=AQl4HKHZby3Asl6Z5yWI7KceEKv98ZK5XS-IY38HPJW3_HNRpRTxVeMQaxqz-ZF5grM&_nc_ht=scontent-scl1-1.xx&oh=38c1ab4d8320d18033d8a5a4cb56e7fe&oe=5EA35320,10,2,0,https://m.facebook.com/story.php?story_fbid=829188440914021&id=192945167871688,,2020-03-26 16:00:47.672079,IslaDeMaipoAtentos
Beatriz Cr Roble Elizabeth S√°nchez S√°nchez no son para ud las recomendaciones que se√±ala.. Son para todos.. Tenemos que unirnos como vecinos y hacer algo.. Como los de la 5 regi√≥n cerraron los pasos..,0,17 h,829188440914021,"‚Ñπ ACTUALIZACI√ìN CORONAVIRUS EN CHILEüá®üá±: Gobierno actualiza cifras, con 1.142 casos confirmados de #COVID_19 en Chile, aumentando a 3 los fallecidos a nivel nacional.
La tercera muerte se registr√≥ en #Concepci√≥n durante la ma√±ana de este mi√©rcoles. El deceso fue confirmado por el ministro de Salud, #JaimeMa√±alich.
üßê Suspendidas las clases durante todo abril:
Se extiende por 2 semanas m√°s la suspensi√≥n de clases para jardines y colegios.
Las vacaciones de invierno se terminar√°n las 2 √∫ltimas semanas de Abril 2020
#COMPARTEüí™","‚Ñπ ACTUALIZACI√ìN CORONAVIRUS EN CHILEüá®üá±: Gobierno actualiza cifras, con 1.142 casos confirmados de #COVID_19 en Chile, aumentando a 3 los fallecidos a nivel nacional.
La tercera muerte se registr√≥ en #Concepci√≥n durante la ma√±ana de este mi√©rcoles. El deceso fue confirmado por el ministro de Salud, #JaimeMa√±alich.
üßê Suspendidas las clases durante todo abril:
Se extiende por 2 semanas m√°s la suspensi√≥n de clases para jardines y colegios.
Las vacaciones de invierno se terminar√°n las 2 √∫ltimas semanas de Abril 2020
#COMPARTEüí™",,2020-03-25 11:59:14,https://scontent-scl1-1.xx.fbcdn.net/v/t1.0-9/90931475_829188270914038_3594673509747392512_o.png?_nc_cat=111&_nc_sid=8024bb&_nc_oc=AQl4HKHZby3Asl6Z5yWI7KceEKv98ZK5XS-IY38HPJW3_HNRpRTxVeMQaxqz-ZF5grM&_nc_ht=scontent-scl1-1.xx&oh=38c1ab4d8320d18033d8a5a4cb56e7fe&oe=5EA35320,10,2,0,https://m.facebook.com/story.php?story_fbid=829188440914021&id=192945167871688,,2020-03-26 16:00:47.672079,IslaDeMaipoAtentos
Beatriz Cr Roble Elizabeth S√°nchez S√°nchez no van a parar el pa√≠s. Por que contablemente hablando las bajas est√°n consideradas.. Feo es.. Pero es as√≠.. Y ellos lucran con esto,0,17 h,829188440914021,"‚Ñπ ACTUALIZACI√ìN CORONAVIRUS EN CHILEüá®üá±: Gobierno actualiza cifras, con 1.142 casos confirmados de #COVID_19 en Chile, aumentando a 3 los fallecidos a nivel nacional.
La tercera muerte se registr√≥ en #Concepci√≥n durante la ma√±ana de este mi√©rcoles. El deceso fue confirmado por el ministro de Salud, #JaimeMa√±alich.
üßê Suspendidas las clases durante todo abril:
Se extiende por 2 semanas m√°s la suspensi√≥n de clases para jardines y colegios.
Las vacaciones de invierno se terminar√°n las 2 √∫ltimas semanas de Abril 2020
#COMPARTEüí™","‚Ñπ ACTUALIZACI√ìN CORONAVIRUS EN CHILEüá®üá±: Gobierno actualiza cifras, con 1.142 casos confirmados de #COVID_19 en Chile, aumentando a 3 los fallecidos a nivel nacional.
La tercera muerte se registr√≥ en #Concepci√≥n durante la ma√±ana de este mi√©rcoles. El deceso fue confirmado por el ministro de Salud, #JaimeMa√±alich.
üßê Suspendidas las clases durante todo abril:
Se extiende por 2 semanas m√°s la suspensi√≥n de clases para jardines y colegios.
Las vacaciones de invierno se terminar√°n las 2 √∫ltimas semanas de Abril 2020
#COMPARTEüí™",,2020-03-25 11:59:14,https://scontent-scl1-1.xx.fbcdn.net/v/t1.0-9/90931475_829188270914038_3594673509747392512_o.png?_nc_cat=111&_nc_sid=8024bb&_nc_oc=AQl4HKHZby3Asl6Z5yWI7KceEKv98ZK5XS-IY38HPJW3_HNRpRTxVeMQaxqz-ZF5grM&_nc_ht=scontent-scl1-1.xx&oh=38c1ab4d8320d18033d8a5a4cb56e7fe&oe=5EA35320,10,2,0,https://m.facebook.com/story.php?story_fbid=829188440914021&id=192945167871688,,2020-03-26 16:00:47.672079,IslaDeMaipoAtentos
"Jaime Riquelme Yo opino lo mismo , y que sea lo m√°s pronto posible",0,1 d,829188440914021,"‚Ñπ ACTUALIZACI√ìN CORONAVIRUS EN CHILEüá®üá±: Gobierno actualiza cifras, con 1.142 casos confirmados de #COVID_19 en Chile, aumentando a 3 los fallecidos a nivel nacional.
La tercera muerte se registr√≥ en #Concepci√≥n durante la ma√±ana de este mi√©rcoles. El deceso fue confirmado por el ministro de Salud, #JaimeMa√±alich.
üßê Suspendidas las clases durante todo abril:
Se extiende por 2 semanas m√°s la suspensi√≥n de clases para jardines y colegios.
Las vacaciones de invierno se terminar√°n las 2 √∫ltimas semanas de Abril 2020
#COMPARTEüí™","‚Ñπ ACTUALIZACI√ìN CORONAVIRUS EN CHILEüá®üá±: Gobierno actualiza cifras, con 1.142 casos confirmados de #COVID_19 en Chile, aumentando a 3 los fallecidos a nivel nacional.
La tercera muerte se registr√≥ en #Concepci√≥n durante la ma√±ana de este mi√©rcoles. El deceso fue confirmado por el ministro de Salud, #JaimeMa√±alich.
üßê Suspendidas las clases durante todo abril:
Se extiende por 2 semanas m√°s la suspensi√≥n de clases para jardines y colegios.
Las vacaciones de invierno se terminar√°n las 2 √∫ltimas semanas de Abril 2020
#COMPARTEüí™",,2020-03-25 11:59:14,https://scontent-scl1-1.xx.fbcdn.net/v/t1.0-9/90931475_829188270914038_3594673509747392512_o.png?_nc_cat=111&_nc_sid=8024bb&_nc_oc=AQl4HKHZby3Asl6Z5yWI7KceEKv98ZK5XS-IY38HPJW3_HNRpRTxVeMQaxqz-ZF5grM&_nc_ht=scontent-scl1-1.xx&oh=38c1ab4d8320d18033d8a5a4cb56e7fe&oe=5EA35320,10,2,0,https://m.facebook.com/story.php?story_fbid=829188440914021&id=192945167871688,,2020-03-26 16:00:47.672079,IslaDeMaipoAtentos
Diego Ignacio Meza Pinto Consulta vacunan a ni√±os de otros establecimientos?,0,1 d,2420930914871766,"Este mi√©rcoles 25 de marzo sigue el plan de vacunaci√≥n para ni√±os y ni√±as hasta los 10 a√±os o hasta 5to b√°sico en el Liceo Mario Bertero de 8:30 a 10:30 hrs
Municipalidad Isla De Maipo
March 23 at 9:59 AM ¬∑
üíâ ¬°Buenos d√≠as!, esta semana sigue el Plan de Vacunaci√≥n para ni√±os y ni√±as en Colegios y Jardines de Isla de Maipo, actualizamos informaci√≥n y solicitamos tener los resguardos necesarios frente a la situaci√≥n actual del #Coronavirus:
‚òë Lunes 23
- Escuela San Jos√©
8:30 a 10:30 hrs
- Childrenshome
11:00 a 13:00 hrs
‚òë Martes 24
- Colegio Mar√≠a Reina
8:30 a 10:30 hrs
‚òë Mi√©rcoles 25
- Liceo Mario Bertero
8:30 a 10:30 hrs
‚òë Jueves 26
- Colegio Efra√≠n Maldonado Torres
8:30 a 10:30 hrs
‚òë Viernes 27
- Escuela Futuro Las Mercedes
8:30 a 10:30 hrs
- Schulhaus Montessori
11:00 a 13:00 hrs.
‚òë Lunes 30
- Liceo Italia y Jard√≠n Italia
8:30 a 10:30 hrs
‚òë Martes 31
- Jard√≠n Harawy
8:30 a 10:30 hrs
‚òë Mi√©rcoles 1 de Abril
- Jard√≠n Mi Islita
8:30 a 10:30 hrs
- Jos√© Mar√≠a de la Cruz
11:00 a 13:00 hrs.
Vacunaci√≥n desde los 6 meses o 10 a√±os o hasta 5to. B√°sico.",Este mi√©rcoles 25 de marzo sigue el plan de vacunaci√≥n para ni√±os y ni√±as hasta los 10 a√±os o hasta 5to b√°sico en el Liceo Mario Bertero de 8:30 a 10:30 hrs,"Municipalidad Isla De Maipo
March 23 at 9:59 AM ¬∑
üíâ ¬°Buenos d√≠as!, esta semana sigue el Plan de Vacunaci√≥n para ni√±os y ni√±as en Colegios y Jardines de Isla de Maipo, actualizamos informaci√≥n y solicitamos tener los resguardos necesarios frente a la situaci√≥n actual del #Coronavirus:
‚òë Lunes 23
- Escuela San Jos√©
8:30 a 10:30 hrs
- Childrenshome
11:00 a 13:00 hrs
‚òë Martes 24
- Colegio Mar√≠a Reina
8:30 a 10:30 hrs
‚òë Mi√©rcoles 25
- Liceo Mario Bertero
8:30 a 10:30 hrs
‚òë Jueves 26
- Colegio Efra√≠n Maldonado Torres
8:30 a 10:30 hrs
‚òë Viernes 27
- Escuela Futuro Las Mercedes
8:30 a 10:30 hrs
- Schulhaus Montessori
11:00 a 13:00 hrs.
‚òë Lunes 30
- Liceo Italia y Jard√≠n Italia
8:30 a 10:30 hrs
‚òë Martes 31
- Jard√≠n Harawy
8:30 a 10:30 hrs
‚òë Mi√©rcoles 1 de Abril
- Jard√≠n Mi Islita
8:30 a 10:30 hrs
- Jos√© Mar√≠a de la Cruz
11:00 a 13:00 hrs.
Vacunaci√≥n desde los 6 meses o 10 a√±os o hasta 5to. B√°sico.",2020-03-24 19:05:05,https://scontent-scl1-1.xx.fbcdn.net/v/t1.0-9/fr/cp0/e15/q65/91117957_2419741611657363_7439631492730322944_n.jpg?_nc_cat=109&_nc_sid=8024bb&_nc_oc=AQkCFwEGgxsqgpKJ3XMjunXIw_CTdmp0U1_whnUV-Ajt0sBQo9P-y7PQnPpcem1Lb-I&_nc_ht=scontent-scl1-1.xx&_nc_tp=14&oh=63e12bb56a601ef49f0c259f0c0a5df3&oe=5EA3E2A8,0,1,0,https://m.facebook.com/story.php?story_fbid=2420930914871766&id=1467866490178218,,2020-03-26 16:01:05.964718,muniislademaipo
"Corporaci√≥n Municipal de Isla de Maipo En la comuna de Isla de Maipo se han administrado y registrado el 80% de las vacunas asignadas a nuestra comuna, quedando las vacunas de los ni√±os de los colegios que faltaban vacunar. Quedando una cantidad muy menor de adultos mayores y cr√≥nicos, las cuales se administrar√°n de acuerdo a la entrega por parte del Ministerio de Salud.",0,1 h,1550186921803079,"‚úÖSALUD‚úÖ
CESFAM LA ISLITA INFORMA:
Comunidad de La Islita:
Con el fin de hacer frente a la situaci√≥n actual de COVID-19, CESFAM La Islita ha tomado medidas respecto al funcionamiento, a fin de llevar adecuadamente el protocolo de detecci√≥n de casos COVID-19, para lo cual se ha implementado un plan de acci√≥n a fin de separar las atenciones que se presenten por urgencia de tipo respiratorio, evitando todo tipo de contacto con pacientes que presenten urgencias o atenciones por otras demandas, para lo cual se realiz√≥ una restructuraci√≥n del Centro de Salud.
Se elabor√≥ un flujo de ingreso y egreso de pacientes. En el acceso principal se realiza un triage, por enfermera, de casos que se presentan requiriendo atenci√≥n, derivando los pacientes seg√∫n urgencia respiratoria, odontol√≥gica, maternal u otras urgencias.
El CESFAM se subdividi√≥ en sectores, a fin de evitar el libre tr√°nsito de pacientes por el establecimiento de salud.
Sector 1: Consulta urgencias salud mental ‚Äì nutrici√≥n y Asistente social. Estos pacientes se ubicar√°n en sala de espera 1 (sector SOME)
Sector 2: Urgencias odontol√≥gicas ‚Äì Maternal ‚Äì Farmacia - Otras urgencias: Acceso por puerta principal y restricci√≥n de paso a sala de espera de SAPU.
Sector 3: Urgencias respiratorias: Acceso por entrada de SAPU Y restricci√≥n de paso a sala de espera 1
Sector 4: Vacunatorio influenza, Farmacia, Leche: Acceso por costado izquierdo y restricci√≥n de paso a otras dependencias del establecimiento.
Cada una de estas medidas es constantemente evaluada a fin de modificar o actualizar de acuerdo a la contingencia diaria.","‚úÖSALUD‚úÖ
CESFAM LA ISLITA INFORMA:
Comunidad de La Islita:
Con el fin de hacer frente a la situaci√≥n actual de COVID-19, CESFAM La Islita ha tomado medidas respecto al funcionamiento, a fin de llevar adecuadamente el protocolo de detecci√≥n de casos COVID-19, para lo cual se ha implementado un plan de acci√≥n a fin de separar las atenciones que se presenten por urgencia de tipo respiratorio, evitando todo tipo de contacto con pacientes que presenten urgencias o atenciones por otras demandas, para lo cual se realiz√≥ una restructuraci√≥n del Centro de Salud.
Se elabor√≥ un flujo de ingreso y egreso de pacientes. En el acceso principal se realiza un triage, por enfermera, de casos que se presentan requiriendo atenci√≥n, derivando los pacientes seg√∫n urgencia respiratoria, odontol√≥gica, maternal u otras urgencias.
El CESFAM se subdividi√≥ en sectores, a fin de evitar el libre tr√°nsito de pacientes por el establecimiento de salud.
Sector 1: Consulta urgencias salud mental ‚Äì nutrici√≥n y Asistente social. Estos pacientes se ubicar√°n en sala de espera 1 (sector SOME)
Sector 2: Urgencias odontol√≥gicas ‚Äì Maternal ‚Äì Farmacia - Otras urgencias: Acceso por puerta principal y restricci√≥n de paso a sala de espera de SAPU.
Sector 3: Urgencias respiratorias: Acceso por entrada de SAPU Y restricci√≥n de paso a sala de espera 1
Sector 4: Vacunatorio influenza, Farmacia, Leche: Acceso por costado izquierdo y restricci√≥n de paso a otras dependencias del establecimiento.
Cada una de estas medidas es constantemente evaluada a fin de modificar o actualizar de acuerdo a la contingencia diaria.",,2020-03-25 18:28:53,https://scontent-scl1-1.xx.fbcdn.net/v/t1.0-9/fr/cp0/e15/q65/91057982_1550186848469753_8410000377402884096_n.jpg?_nc_cat=108&_nc_sid=110474&_nc_oc=AQloPkz3X5WI8afkbCVAUxx2fuv8yVOyIHscA5otHNthnogs8EbSIrdEHGx1tQttv8o&_nc_ht=scontent-scl1-1.xx&_nc_tp=14&oh=3633fc9b6e79e8dcc2504b8d0dd54d3d&oe=5EA2046E,19,5,0,https://m.facebook.com/story.php?story_fbid=1550186921803079&id=217483931740058,,2020-03-26 16:01:34.766899,corporacionmunicipalislademaipo
Karol Yaritza Toro Zu√±iga Corporaci√≥n Municipal de Isla de Maipo mi pregunta es de k si llegaron las cacunas al maiten e llamado todos los dias y m responden k no hay y no e podido vacunar a mis dos hijos,0,17 min,1550186921803079,"‚úÖSALUD‚úÖ
CESFAM LA ISLITA INFORMA:
Comunidad de La Islita:
Con el fin de hacer frente a la situaci√≥n actual de COVID-19, CESFAM La Islita ha tomado medidas respecto al funcionamiento, a fin de llevar adecuadamente el protocolo de detecci√≥n de casos COVID-19, para lo cual se ha implementado un plan de acci√≥n a fin de separar las atenciones que se presenten por urgencia de tipo respiratorio, evitando todo tipo de contacto con pacientes que presenten urgencias o atenciones por otras demandas, para lo cual se realiz√≥ una restructuraci√≥n del Centro de Salud.
Se elabor√≥ un flujo de ingreso y egreso de pacientes. En el acceso principal se realiza un triage, por enfermera, de casos que se presentan requiriendo atenci√≥n, derivando los pacientes seg√∫n urgencia respiratoria, odontol√≥gica, maternal u otras urgencias.
El CESFAM se subdividi√≥ en sectores, a fin de evitar el libre tr√°nsito de pacientes por el establecimiento de salud.
Sector 1: Consulta urgencias salud mental ‚Äì nutrici√≥n y Asistente social. Estos pacientes se ubicar√°n en sala de espera 1 (sector SOME)
Sector 2: Urgencias odontol√≥gicas ‚Äì Maternal ‚Äì Farmacia - Otras urgencias: Acceso por puerta principal y restricci√≥n de paso a sala de espera de SAPU.
Sector 3: Urgencias respiratorias: Acceso por entrada de SAPU Y restricci√≥n de paso a sala de espera 1
Sector 4: Vacunatorio influenza, Farmacia, Leche: Acceso por costado izquierdo y restricci√≥n de paso a otras dependencias del establecimiento.
Cada una de estas medidas es constantemente evaluada a fin de modificar o actualizar de acuerdo a la contingencia diaria.","‚úÖSALUD‚úÖ
CESFAM LA ISLITA INFORMA:
Comunidad de La Islita:
Con el fin de hacer frente a la situaci√≥n actual de COVID-19, CESFAM La Islita ha tomado medidas respecto al funcionamiento, a fin de llevar adecuadamente el protocolo de detecci√≥n de casos COVID-19, para lo cual se ha implementado un plan de acci√≥n a fin de separar las atenciones que se presenten por urgencia de tipo respiratorio, evitando todo tipo de contacto con pacientes que presenten urgencias o atenciones por otras demandas, para lo cual se realiz√≥ una restructuraci√≥n del Centro de Salud.
Se elabor√≥ un flujo de ingreso y egreso de pacientes. En el acceso principal se realiza un triage, por enfermera, de casos que se presentan requiriendo atenci√≥n, derivando los pacientes seg√∫n urgencia respiratoria, odontol√≥gica, maternal u otras urgencias.
El CESFAM se subdividi√≥ en sectores, a fin de evitar el libre tr√°nsito de pacientes por el establecimiento de salud.
Sector 1: Consulta urgencias salud mental ‚Äì nutrici√≥n y Asistente social. Estos pacientes se ubicar√°n en sala de espera 1 (sector SOME)
Sector 2: Urgencias odontol√≥gicas ‚Äì Maternal ‚Äì Farmacia - Otras urgencias: Acceso por puerta principal y restricci√≥n de paso a sala de espera de SAPU.
Sector 3: Urgencias respiratorias: Acceso por entrada de SAPU Y restricci√≥n de paso a sala de espera 1
Sector 4: Vacunatorio influenza, Farmacia, Leche: Acceso por costado izquierdo y restricci√≥n de paso a otras dependencias del establecimiento.
Cada una de estas medidas es constantemente evaluada a fin de modificar o actualizar de acuerdo a la contingencia diaria.",,2020-03-25 18:28:53,https://scontent-scl1-1.xx.fbcdn.net/v/t1.0-9/fr/cp0/e15/q65/91057982_1550186848469753_8410000377402884096_n.jpg?_nc_cat=108&_nc_sid=110474&_nc_oc=AQloPkz3X5WI8afkbCVAUxx2fuv8yVOyIHscA5otHNthnogs8EbSIrdEHGx1tQttv8o&_nc_ht=scontent-scl1-1.xx&_nc_tp=14&oh=3633fc9b6e79e8dcc2504b8d0dd54d3d&oe=5EA2046E,19,5,0,https://m.facebook.com/story.php?story_fbid=1550186921803079&id=217483931740058,,2020-03-26 16:01:34.766899,corporacionmunicipalislademaipo
"Angelina Romero Me parece raro que estemos sin vacuna aca en la islita ,ya que en talagante todos los dias tienen vacunas para su gente y aca no cual es la diferencia",0,1 h,1550186921803079,"‚úÖSALUD‚úÖ
CESFAM LA ISLITA INFORMA:
Comunidad de La Islita:
Con el fin de hacer frente a la situaci√≥n actual de COVID-19, CESFAM La Islita ha tomado medidas respecto al funcionamiento, a fin de llevar adecuadamente el protocolo de detecci√≥n de casos COVID-19, para lo cual se ha implementado un plan de acci√≥n a fin de separar las atenciones que se presenten por urgencia de tipo respiratorio, evitando todo tipo de contacto con pacientes que presenten urgencias o atenciones por otras demandas, para lo cual se realiz√≥ una restructuraci√≥n del Centro de Salud.
Se elabor√≥ un flujo de ingreso y egreso de pacientes. En el acceso principal se realiza un triage, por enfermera, de casos que se presentan requiriendo atenci√≥n, derivando los pacientes seg√∫n urgencia respiratoria, odontol√≥gica, maternal u otras urgencias.
El CESFAM se subdividi√≥ en sectores, a fin de evitar el libre tr√°nsito de pacientes por el establecimiento de salud.
Sector 1: Consulta urgencias salud mental ‚Äì nutrici√≥n y Asistente social. Estos pacientes se ubicar√°n en sala de espera 1 (sector SOME)
Sector 2: Urgencias odontol√≥gicas ‚Äì Maternal ‚Äì Farmacia - Otras urgencias: Acceso por puerta principal y restricci√≥n de paso a sala de espera de SAPU.
Sector 3: Urgencias respiratorias: Acceso por entrada de SAPU Y restricci√≥n de paso a sala de espera 1
Sector 4: Vacunatorio influenza, Farmacia, Leche: Acceso por costado izquierdo y restricci√≥n de paso a otras dependencias del establecimiento.
Cada una de estas medidas es constantemente evaluada a fin de modificar o actualizar de acuerdo a la contingencia diaria.","‚úÖSALUD‚úÖ
CESFAM LA ISLITA INFORMA:
Comunidad de La Islita:
Con el fin de hacer frente a la situaci√≥n actual de COVID-19, CESFAM La Islita ha tomado medidas respecto al funcionamiento, a fin de llevar adecuadamente el protocolo de detecci√≥n de casos COVID-19, para lo cual se ha implementado un plan de acci√≥n a fin de separar las atenciones que se presenten por urgencia de tipo respiratorio, evitando todo tipo de contacto con pacientes que presenten urgencias o atenciones por otras demandas, para lo cual se realiz√≥ una restructuraci√≥n del Centro de Salud.
Se elabor√≥ un flujo de ingreso y egreso de pacientes. En el acceso principal se realiza un triage, por enfermera, de casos que se presentan requiriendo atenci√≥n, derivando los pacientes seg√∫n urgencia respiratoria, odontol√≥gica, maternal u otras urgencias.
El CESFAM se subdividi√≥ en sectores, a fin de evitar el libre tr√°nsito de pacientes por el establecimiento de salud.
Sector 1: Consulta urgencias salud mental ‚Äì nutrici√≥n y Asistente social. Estos pacientes se ubicar√°n en sala de espera 1 (sector SOME)
Sector 2: Urgencias odontol√≥gicas ‚Äì Maternal ‚Äì Farmacia - Otras urgencias: Acceso por puerta principal y restricci√≥n de paso a sala de espera de SAPU.
Sector 3: Urgencias respiratorias: Acceso por entrada de SAPU Y restricci√≥n de paso a sala de espera 1
Sector 4: Vacunatorio influenza, Farmacia, Leche: Acceso por costado izquierdo y restricci√≥n de paso a otras dependencias del establecimiento.
Cada una de estas medidas es constantemente evaluada a fin de modificar o actualizar de acuerdo a la contingencia diaria.",,2020-03-25 18:28:53,https://scontent-scl1-1.xx.fbcdn.net/v/t1.0-9/fr/cp0/e15/q65/91057982_1550186848469753_8410000377402884096_n.jpg?_nc_cat=108&_nc_sid=110474&_nc_oc=AQloPkz3X5WI8afkbCVAUxx2fuv8yVOyIHscA5otHNthnogs8EbSIrdEHGx1tQttv8o&_nc_ht=scontent-scl1-1.xx&_nc_tp=14&oh=3633fc9b6e79e8dcc2504b8d0dd54d3d&oe=5EA2046E,19,5,0,https://m.facebook.com/story.php?story_fbid=1550186921803079&id=217483931740058,,2020-03-26 16:01:34.766899,corporacionmunicipalislademaipo
Monica Jimenez Llegaron las vacunas???,0,3 h,1550186921803079,"‚úÖSALUD‚úÖ
CESFAM LA ISLITA INFORMA:
Comunidad de La Islita:
Con el fin de hacer frente a la situaci√≥n actual de COVID-19, CESFAM La Islita ha tomado medidas respecto al funcionamiento, a fin de llevar adecuadamente el protocolo de detecci√≥n de casos COVID-19, para lo cual se ha implementado un plan de acci√≥n a fin de separar las atenciones que se presenten por urgencia de tipo respiratorio, evitando todo tipo de contacto con pacientes que presenten urgencias o atenciones por otras demandas, para lo cual se realiz√≥ una restructuraci√≥n del Centro de Salud.
Se elabor√≥ un flujo de ingreso y egreso de pacientes. En el acceso principal se realiza un triage, por enfermera, de casos que se presentan requiriendo atenci√≥n, derivando los pacientes seg√∫n urgencia respiratoria, odontol√≥gica, maternal u otras urgencias.
El CESFAM se subdividi√≥ en sectores, a fin de evitar el libre tr√°nsito de pacientes por el establecimiento de salud.
Sector 1: Consulta urgencias salud mental ‚Äì nutrici√≥n y Asistente social. Estos pacientes se ubicar√°n en sala de espera 1 (sector SOME)
Sector 2: Urgencias odontol√≥gicas ‚Äì Maternal ‚Äì Farmacia - Otras urgencias: Acceso por puerta principal y restricci√≥n de paso a sala de espera de SAPU.
Sector 3: Urgencias respiratorias: Acceso por entrada de SAPU Y restricci√≥n de paso a sala de espera 1
Sector 4: Vacunatorio influenza, Farmacia, Leche: Acceso por costado izquierdo y restricci√≥n de paso a otras dependencias del establecimiento.
Cada una de estas medidas es constantemente evaluada a fin de modificar o actualizar de acuerdo a la contingencia diaria.","‚úÖSALUD‚úÖ
CESFAM LA ISLITA INFORMA:
Comunidad de La Islita:
Con el fin de hacer frente a la situaci√≥n actual de COVID-19, CESFAM La Islita ha tomado medidas respecto al funcionamiento, a fin de llevar adecuadamente el protocolo de detecci√≥n de casos COVID-19, para lo cual se ha implementado un plan de acci√≥n a fin de separar las atenciones que se presenten por urgencia de tipo respiratorio, evitando todo tipo de contacto con pacientes que presenten urgencias o atenciones por otras demandas, para lo cual se realiz√≥ una restructuraci√≥n del Centro de Salud.
Se elabor√≥ un flujo de ingreso y egreso de pacientes. En el acceso principal se realiza un triage, por enfermera, de casos que se presentan requiriendo atenci√≥n, derivando los pacientes seg√∫n urgencia respiratoria, odontol√≥gica, maternal u otras urgencias.
El CESFAM se subdividi√≥ en sectores, a fin de evitar el libre tr√°nsito de pacientes por el establecimiento de salud.
Sector 1: Consulta urgencias salud mental ‚Äì nutrici√≥n y Asistente social. Estos pacientes se ubicar√°n en sala de espera 1 (sector SOME)
Sector 2: Urgencias odontol√≥gicas ‚Äì Maternal ‚Äì Farmacia - Otras urgencias: Acceso por puerta principal y restricci√≥n de paso a sala de espera de SAPU.
Sector 3: Urgencias respiratorias: Acceso por entrada de SAPU Y restricci√≥n de paso a sala de espera 1
Sector 4: Vacunatorio influenza, Farmacia, Leche: Acceso por costado izquierdo y restricci√≥n de paso a otras dependencias del establecimiento.
Cada una de estas medidas es constantemente evaluada a fin de modificar o actualizar de acuerdo a la contingencia diaria.",,2020-03-25 18:28:53,https://scontent-scl1-1.xx.fbcdn.net/v/t1.0-9/fr/cp0/e15/q65/91057982_1550186848469753_8410000377402884096_n.jpg?_nc_cat=108&_nc_sid=110474&_nc_oc=AQloPkz3X5WI8afkbCVAUxx2fuv8yVOyIHscA5otHNthnogs8EbSIrdEHGx1tQttv8o&_nc_ht=scontent-scl1-1.xx&_nc_tp=14&oh=3633fc9b6e79e8dcc2504b8d0dd54d3d&oe=5EA2046E,19,5,0,https://m.facebook.com/story.php?story_fbid=1550186921803079&id=217483931740058,,2020-03-26 16:01:34.766899,corporacionmunicipalislademaipo
Karol Yaritza Toro Zu√±iga Llegaron las vacunas ??????,0,1 h,1550186921803079,"‚úÖSALUD‚úÖ
CESFAM LA ISLITA INFORMA:
Comunidad de La Islita:
Con el fin de hacer frente a la situaci√≥n actual de COVID-19, CESFAM La Islita ha tomado medidas respecto al funcionamiento, a fin de llevar adecuadamente el protocolo de detecci√≥n de casos COVID-19, para lo cual se ha implementado un plan de acci√≥n a fin de separar las atenciones que se presenten por urgencia de tipo respiratorio, evitando todo tipo de contacto con pacientes que presenten urgencias o atenciones por otras demandas, para lo cual se realiz√≥ una restructuraci√≥n del Centro de Salud.
Se elabor√≥ un flujo de ingreso y egreso de pacientes. En el acceso principal se realiza un triage, por enfermera, de casos que se presentan requiriendo atenci√≥n, derivando los pacientes seg√∫n urgencia respiratoria, odontol√≥gica, maternal u otras urgencias.
El CESFAM se subdividi√≥ en sectores, a fin de evitar el libre tr√°nsito de pacientes por el establecimiento de salud.
Sector 1: Consulta urgencias salud mental ‚Äì nutrici√≥n y Asistente social. Estos pacientes se ubicar√°n en sala de espera 1 (sector SOME)
Sector 2: Urgencias odontol√≥gicas ‚Äì Maternal ‚Äì Farmacia - Otras urgencias: Acceso por puerta principal y restricci√≥n de paso a sala de espera de SAPU.
Sector 3: Urgencias respiratorias: Acceso por entrada de SAPU Y restricci√≥n de paso a sala de espera 1
Sector 4: Vacunatorio influenza, Farmacia, Leche: Acceso por costado izquierdo y restricci√≥n de paso a otras dependencias del establecimiento.
Cada una de estas medidas es constantemente evaluada a fin de modificar o actualizar de acuerdo a la contingencia diaria.","‚úÖSALUD‚úÖ
CESFAM LA ISLITA INFORMA:
Comunidad de La Islita:
Con el fin de hacer frente a la situaci√≥n actual de COVID-19, CESFAM La Islita ha tomado medidas respecto al funcionamiento, a fin de llevar adecuadamente el protocolo de detecci√≥n de casos COVID-19, para lo cual se ha implementado un plan de acci√≥n a fin de separar las atenciones que se presenten por urgencia de tipo respiratorio, evitando todo tipo de contacto con pacientes que presenten urgencias o atenciones por otras demandas, para lo cual se realiz√≥ una restructuraci√≥n del Centro de Salud.
Se elabor√≥ un flujo de ingreso y egreso de pacientes. En el acceso principal se realiza un triage, por enfermera, de casos que se presentan requiriendo atenci√≥n, derivando los pacientes seg√∫n urgencia respiratoria, odontol√≥gica, maternal u otras urgencias.
El CESFAM se subdividi√≥ en sectores, a fin de evitar el libre tr√°nsito de pacientes por el establecimiento de salud.
Sector 1: Consulta urgencias salud mental ‚Äì nutrici√≥n y Asistente social. Estos pacientes se ubicar√°n en sala de espera 1 (sector SOME)
Sector 2: Urgencias odontol√≥gicas ‚Äì Maternal ‚Äì Farmacia - Otras urgencias: Acceso por puerta principal y restricci√≥n de paso a sala de espera de SAPU.
Sector 3: Urgencias respiratorias: Acceso por entrada de SAPU Y restricci√≥n de paso a sala de espera 1
Sector 4: Vacunatorio influenza, Farmacia, Leche: Acceso por costado izquierdo y restricci√≥n de paso a otras dependencias del establecimiento.
Cada una de estas medidas es constantemente evaluada a fin de modificar o actualizar de acuerdo a la contingencia diaria.",,2020-03-25 18:28:53,https://scontent-scl1-1.xx.fbcdn.net/v/t1.0-9/fr/cp0/e15/q65/91057982_1550186848469753_8410000377402884096_n.jpg?_nc_cat=108&_nc_sid=110474&_nc_oc=AQloPkz3X5WI8afkbCVAUxx2fuv8yVOyIHscA5otHNthnogs8EbSIrdEHGx1tQttv8o&_nc_ht=scontent-scl1-1.xx&_nc_tp=14&oh=3633fc9b6e79e8dcc2504b8d0dd54d3d&oe=5EA2046E,19,5,0,https://m.facebook.com/story.php?story_fbid=1550186921803079&id=217483931740058,,2020-03-26 16:01:34.766899,corporacionmunicipalislademaipo
Bristelia Mu√±oz Llegaron las vacunas?,0,4 h,1550186921803079,"‚úÖSALUD‚úÖ
CESFAM LA ISLITA INFORMA:
Comunidad de La Islita:
Con el fin de hacer frente a la situaci√≥n actual de COVID-19, CESFAM La Islita ha tomado medidas respecto al funcionamiento, a fin de llevar adecuadamente el protocolo de detecci√≥n de casos COVID-19, para lo cual se ha implementado un plan de acci√≥n a fin de separar las atenciones que se presenten por urgencia de tipo respiratorio, evitando todo tipo de contacto con pacientes que presenten urgencias o atenciones por otras demandas, para lo cual se realiz√≥ una restructuraci√≥n del Centro de Salud.
Se elabor√≥ un flujo de ingreso y egreso de pacientes. En el acceso principal se realiza un triage, por enfermera, de casos que se presentan requiriendo atenci√≥n, derivando los pacientes seg√∫n urgencia respiratoria, odontol√≥gica, maternal u otras urgencias.
El CESFAM se subdividi√≥ en sectores, a fin de evitar el libre tr√°nsito de pacientes por el establecimiento de salud.
Sector 1: Consulta urgencias salud mental ‚Äì nutrici√≥n y Asistente social. Estos pacientes se ubicar√°n en sala de espera 1 (sector SOME)
Sector 2: Urgencias odontol√≥gicas ‚Äì Maternal ‚Äì Farmacia - Otras urgencias: Acceso por puerta principal y restricci√≥n de paso a sala de espera de SAPU.
Sector 3: Urgencias respiratorias: Acceso por entrada de SAPU Y restricci√≥n de paso a sala de espera 1
Sector 4: Vacunatorio influenza, Farmacia, Leche: Acceso por costado izquierdo y restricci√≥n de paso a otras dependencias del establecimiento.
Cada una de estas medidas es constantemente evaluada a fin de modificar o actualizar de acuerdo a la contingencia diaria.","‚úÖSALUD‚úÖ
CESFAM LA ISLITA INFORMA:
Comunidad de La Islita:
Con el fin de hacer frente a la situaci√≥n actual de COVID-19, CESFAM La Islita ha tomado medidas respecto al funcionamiento, a fin de llevar adecuadamente el protocolo de detecci√≥n de casos COVID-19, para lo cual se ha implementado un plan de acci√≥n a fin de separar las atenciones que se presenten por urgencia de tipo respiratorio, evitando todo tipo de contacto con pacientes que presenten urgencias o atenciones por otras demandas, para lo cual se realiz√≥ una restructuraci√≥n del Centro de Salud.
Se elabor√≥ un flujo de ingreso y egreso de pacientes. En el acceso principal se realiza un triage, por enfermera, de casos que se presentan requiriendo atenci√≥n, derivando los pacientes seg√∫n urgencia respiratoria, odontol√≥gica, maternal u otras urgencias.
El CESFAM se subdividi√≥ en sectores, a fin de evitar el libre tr√°nsito de pacientes por el establecimiento de salud.
Sector 1: Consulta urgencias salud mental ‚Äì nutrici√≥n y Asistente social. Estos pacientes se ubicar√°n en sala de espera 1 (sector SOME)
Sector 2: Urgencias odontol√≥gicas ‚Äì Maternal ‚Äì Farmacia - Otras urgencias: Acceso por puerta principal y restricci√≥n de paso a sala de espera de SAPU.
Sector 3: Urgencias respiratorias: Acceso por entrada de SAPU Y restricci√≥n de paso a sala de espera 1
Sector 4: Vacunatorio influenza, Farmacia, Leche: Acceso por costado izquierdo y restricci√≥n de paso a otras dependencias del establecimiento.
Cada una de estas medidas es constantemente evaluada a fin de modificar o actualizar de acuerdo a la contingencia diaria.",,2020-03-25 18:28:53,https://scontent-scl1-1.xx.fbcdn.net/v/t1.0-9/fr/cp0/e15/q65/91057982_1550186848469753_8410000377402884096_n.jpg?_nc_cat=108&_nc_sid=110474&_nc_oc=AQloPkz3X5WI8afkbCVAUxx2fuv8yVOyIHscA5otHNthnogs8EbSIrdEHGx1tQttv8o&_nc_ht=scontent-scl1-1.xx&_nc_tp=14&oh=3633fc9b6e79e8dcc2504b8d0dd54d3d&oe=5EA2046E,19,5,0,https://m.facebook.com/story.php?story_fbid=1550186921803079&id=217483931740058,,2020-03-26 16:01:34.766899,corporacionmunicipalislademaipo
